"","Dim.1","Dim.2","Dim.3","Dim.4","Dim.5","Dim.6","Dim.7","Dim.8","Dim.9","Dim.10"
"Numero.persone.in.famiglia",10.7764039878102,26.5588001675367,0.205447382948744,0.284015041781234,0.0312842668826821,0.186900704524344,0.107513748099294,0.588512834573682,2.20994979327077,0.284668053682794
"Numero.di.auto.in.famiglia",15.6872252739296,0.734247313051767,1.93978854660472,14.3219131104444,0.0252708401611307,0.508773551479094,0.858837240257858,2.0256177319424,0.000322647622344096,0.24520310984507
"Importanza.di.ridurre.le.emissioni.di.gas.serra",0.202158925812762,7.01327188733895,6.47155182392609,1.26834043268965,22.3965200732595,0.466409888330002,0.0145881780297308,2.77478445994781,0.372221991473577,0.831166665562126
"Viaggio.più.lungo.negli.ultimi.12.mesi",0.632819599392561,1.73807761508134,13.7027807179486,0.257412211619807,0.262457383352579,2.93642041258305,8.93510552903606,2.54847335726432,13.5582122490978,1.56654830306386
"Numero.di.viaggi.superiori.a.200.miglia.negli.ultimi.12.mesi",0.9695675837905,2.28181433212968,25.1382959693259,8.53371892365782,0.116853997822153,1.04491462940769,1.24288168126532,1.6010440621588,0.114157213802373,0.140790626760976
"Distanza.casa.lavoro",1.28135918615334,0.112592339060262,14.4465735444869,4.40685207732528,4.67069882930953,2.34352287999519,1.73779872670288,3.96968140702956,4.99525060684884,0.141715685522181
"VMT.annuo",0.491630563797255,0.429636446164118,14.9280701766512,1.60593273892228,13.5881971812619,1.41198598080622,3.55364810740091,2.42013597265516,0.0283798015508671,0.0124345926784061
"Genere",0.848695330399985,0.127980377673682,2.98126476424131,0.524184218632815,19.0095111660636,10.857791076014,9.95603549196127,0.931637548942228,1.68970856241761,4.69471512812414
"Classe.d.età",15.9224501384307,42.9087939709432,6.17851593560729,21.7997717028922,16.5911415280787,17.49463620588,20.4524434836628,32.9805138686983,22.5769116212154,31.1340387467468
"Classe.Reddito.Familiare",9.90670466147049,2.91599721520598,2.02458142123989,14.7060285020651,7.7976877835307,27.6727350547456,12.1426078861192,25.1173601857678,25.9633593293634,24.853356298061
"Livello.di.istruzione",0.599849825890144,0.614168794768452,5.91728204788109,28.8598765521713,9.22388476360526,21.2176848296417,25.480305380954,6.55936513285215,3.143905874218,2.07111329065528
"Casa.di.proprietà",18.5833705253724,7.59621866657769,2.05068188736498,0.00594403785188019,0.449377963774502,0.638778059017496,0.21732872908799,4.96014632995247,0.0256923217658846,0.00450199795508417
"Casa.Indipendente",21.3436324076823,2.52083794685435,0.89670523265934,0.631800186924516,0.0285236691319628,0.0967438591872962,0.0356546864616796,4.36062118062024,0.186950156126785,0.0573993521705305
"Tipologia.di.auto.precedente",2.75413199006775,4.44756292761388,3.11846054911381,2.79421026302183,5.80859055376576,13.1227028683883,15.2652511309611,9.16210592759508,25.1349778312264,33.9623481491717
