"","autovalore","varianza_perc","cumulata_perc"
"dim 1",0.481649826679409,13.7614236194112,13.7614236194112
"dim 2",0.372121259888026,10.6320359968004,24.3934596162115
"dim 3",0.301927416165993,8.62649760474233,33.0199572209539
"dim 4",0.269307660451707,7.6945045843342,40.7144618052881
"dim 5",0.260423595171615,7.44067414776015,48.1551359530482
"dim 6",0.254532237633689,7.27234964667657,55.4274855997248
"dim 7",0.249278580611003,7.1222451603141,62.5497307600389
"dim 8",0.245581074851121,7.01660213860319,69.5663328986421
"dim 9",0.241361438796147,6.89604110846108,76.4623740071032
"dim 10",0.237057615308791,6.77307472310806,83.2354487302112
"dim 11",0.224379807363843,6.4108516389667,89.6463003691779
"dim 12",0.206463175836872,5.89894788105327,95.5452482502312
"dim 13",0.132579661315302,3.78799032329421,99.3332385735254
"dim 14",0.0233366499266115,0.666761426474589,100
