"","Dim1","Dim2","contributo_Dim1","contributo_Dim2"
"VMT alto",0.299412151657452,1.20594979554641,1.29334565500421,27.1569595912076
"VMT basso",-0.161260767152138,-0.741080004985302,0.512808223692959,14.0176320305006
"VMT medio",0.0114900149198393,-0.0607730223301101,0.002000422669477,0.0724351189859037
"VMT molto alto",-0.752240114135809,2.24382162737621,0.0405399481137421,0.466867664613561
"VMT molto basso",-0.497102301704922,-0.798761727506533,0.626265095328455,2.09289808142525
"Viaggio < 175 mi",-1.6206193701216,0.287635122482126,34.8805581184313,1.42217202510981
"Viaggio > 550 mi",0.720814163479854,0.232055767582204,3.41060026471476,0.457526083083845
"Viaggio 175-350 mi",0.346665217399916,-0.187691712053508,1.87477395770598,0.711320772520212
"Viaggio 350-550 mi",0.691583751550023,-0.14673601843392,7.87254755854303,0.458718354343118
"1 viaggio lungo",0.577275932278078,-0.497033360404659,8.52623633614045,8.18103909165675
"2 viaggi lunghi",0.637658006650747,-0.0339610893136276,0.986790929454698,0.00362292767259772
"3+ viaggi lunghi",0.784677474052907,1.0713690414103,5.13348473896523,12.3866827816937
"Nessun viaggio lungo",-1.46955520245479,0.248579843596473,33.5932367858463,1.24411002177422
"Casa-lavoro < 6,5 mi",-0.152188584587087,-0.544775965026136,0.300547254401355,4.98461261255726
"Casa-lavoro > 45 mi",0.370452506136354,1.9620851504913,0.340427838187898,12.3606873099797
"Casa-lavoro 15-25 mi",0.0477737283275725,0.0566569118657916,0.0283079401039964,0.0515326790704644
"Casa-lavoro 25-45 mi",0.217460230161997,0.920881295718859,0.427298212921834,9.91803460826646
"Casa-lavoro 6,5-15 mi",-0.100046581802043,-0.454508510547525,0.150230719774286,4.01314824553885
