,accuracy_tesi,f1_tesi,roc_auc_tesi,accuracy_revisione,f1_revisione,roc_auc_revisione
AdaBoost,0.6543,0.6968,0.6976,0.65435,0.703332,0.697801
Gradient Boosting,0.6604,0.7017,0.7112,0.660898,0.710348,0.721143
Gradient Boosting (feature selezionate),0.674,0.7184,0.7384,0.660898,0.709186,0.72012
LightGBM,,,,0.668849,0.715205,0.725004
MLP,0.6506,0.6992,0.6945,0.648737,0.695087,0.690807
Random Forest,0.6483,0.6931,0.7118,0.663704,0.711592,0.720983
Regressione logistica,0.6207,0.6362,0.6647,0.625819,0.68,0.663759
SVM,0.6333,0.6998,0.6828,0.638447,0.696267,0.678651
Voting (soft),0.6586,0.6935,0.7112,0.662301,0.711891,0.72502
XGBoost,,,,0.662301,0.713946,0.724649
