modello,accuracy_mean,accuracy_std,f1_mean,f1_std,roc_auc_mean,roc_auc_std
Gradient Boosting,0.674269,0.0129097,0.718503,0.0113882,0.728344,0.0115284
Random Forest,0.675439,0.00929561,0.7131,0.00968994,0.723835,0.0097454
LightGBM,0.671813,0.0110298,0.712293,0.0115842,0.72326,0.00910688
AdaBoost,0.671462,0.0108526,0.711936,0.00806565,0.714036,0.0120844
SVM,0.656842,0.0108631,0.709491,0.00891521,0.706966,0.0129163
XGBoost,0.656608,0.0104495,0.694791,0.0118543,0.695899,0.0130993
Naive Bayes,0.639883,0.0129942,0.682331,0.0132478,0.682048,0.0158379
MLP,0.635789,0.0160101,0.675944,0.0180442,0.679748,0.0146461
Regressione logistica,0.625848,0.0180558,0.675113,0.0179228,0.675237,0.021392
Ridge,0.624444,0.0198061,0.675464,0.0193762,0.671399,0.0217323
LDA,0.624211,0.0195325,0.674995,0.0191907,0.671397,0.0217327
QDA,0.611579,0.0194107,0.640324,0.0262548,0.654476,0.0188301
SGD,0.605614,0.0139569,0.653916,0.0293379,0.63959,0.0213479
KNN,0.593684,0.0113154,0.642225,0.0136659,0.615783,0.0198115
Albero decisionale,0.582456,0.0116177,0.613437,0.0138148,0.579794,0.0111095
