modello,fold,accuracy,f1,roc_auc
Regressione logistica,1,0.603509,0.65861,0.6451
Regressione logistica,2,0.649123,0.688797,0.694528
Regressione logistica,3,0.635088,0.682281,0.683255
Regressione logistica,4,0.633918,0.678314,0.684705
Regressione logistica,5,0.6,0.644491,0.642192
Regressione logistica,6,0.649123,0.70297,0.699064
Regressione logistica,7,0.633918,0.684157,0.682236
Regressione logistica,8,0.610526,0.65776,0.674139
Regressione logistica,9,0.611696,0.665323,0.651568
Regressione logistica,10,0.631579,0.688427,0.695586
KNN,1,0.575439,0.618297,0.576594
KNN,2,0.596491,0.649034,0.631835
KNN,3,0.603509,0.649431,0.628956
KNN,4,0.607018,0.657841,0.632405
KNN,5,0.581287,0.623158,0.592667
KNN,6,0.588304,0.647295,0.61647
KNN,7,0.605848,0.653649,0.633329
KNN,8,0.587135,0.639428,0.605929
KNN,9,0.587135,0.631139,0.607238
KNN,10,0.604678,0.652977,0.632408
Naive Bayes,1,0.630409,0.676892,0.664703
Naive Bayes,2,0.651462,0.688285,0.696467
Naive Bayes,3,0.65614,0.696907,0.700272
Naive Bayes,4,0.651462,0.692784,0.689294
Naive Bayes,5,0.624561,0.661749,0.657567
Naive Bayes,6,0.637427,0.683673,0.67854
Naive Bayes,7,0.637427,0.683027,0.680638
Naive Bayes,8,0.645614,0.68601,0.699899
Naive Bayes,9,0.616374,0.658333,0.662922
Naive Bayes,10,0.647953,0.695652,0.690182
Albero decisionale,1,0.576608,0.60307,0.575037
Albero decisionale,2,0.594152,0.624052,0.591627
Albero decisionale,3,0.591813,0.619411,0.589859
Albero decisionale,4,0.597661,0.636364,0.592896
Albero decisionale,5,0.573099,0.605405,0.570266
Albero decisionale,6,0.563743,0.595005,0.561243
Albero decisionale,7,0.584795,0.613711,0.582652
Albero decisionale,8,0.580117,0.60765,0.578341
Albero decisionale,9,0.569591,0.599129,0.567436
Albero decisionale,10,0.592982,0.630573,0.588585
Random Forest,1,0.672515,0.706499,0.720313
Random Forest,2,0.690058,0.725957,0.741317
Random Forest,3,0.666667,0.700944,0.728333
Random Forest,4,0.679532,0.714583,0.72817
Random Forest,5,0.671345,0.707596,0.721013
Random Forest,6,0.671345,0.719281,0.708498
Random Forest,7,0.676023,0.721047,0.724695
Random Forest,8,0.692398,0.726895,0.733933
Random Forest,9,0.669006,0.703043,0.712149
Random Forest,10,0.665497,0.705155,0.719927
SVM,1,0.635088,0.697674,0.681976
SVM,2,0.65614,0.707171,0.720754
SVM,3,0.665497,0.713427,0.708671
SVM,4,0.65731,0.705528,0.715842
SVM,5,0.650292,0.701894,0.687963
SVM,6,0.65848,0.715953,0.713605
SVM,7,0.672515,0.724951,0.714233
SVM,8,0.663158,0.715976,0.717513
SVM,9,0.645614,0.697906,0.701065
SVM,10,0.664327,0.714428,0.708038
Ridge,1,0.59883,0.656657,0.641441
Ridge,2,0.649123,0.690722,0.68801
Ridge,3,0.62924,0.680765,0.680092
Ridge,4,0.637427,0.681725,0.683112
Ridge,5,0.597661,0.643154,0.638355
Ridge,6,0.650292,0.704837,0.69622
Ridge,7,0.630409,0.684631,0.678471
Ridge,8,0.610526,0.658462,0.670788
Ridge,9,0.605848,0.661986,0.645383
Ridge,10,0.635088,0.6917,0.692119
SGD,1,0.607018,0.647059,0.617788
SGD,2,0.610526,0.63922,0.654984
SGD,3,0.623392,0.672098,0.654554
SGD,4,0.594152,0.661463,0.612367
SGD,5,0.6,0.647423,0.632088
SGD,6,0.6,0.638478,0.644435
SGD,7,0.608187,0.677575,0.658265
SGD,8,0.612865,0.678952,0.656903
SGD,9,0.576608,0.587699,0.604077
SGD,10,0.623392,0.689189,0.660442
Gradient Boosting,1,0.65614,0.7,0.715509
Gradient Boosting,2,0.693567,0.731006,0.745868
Gradient Boosting,3,0.676023,0.717058,0.734843
Gradient Boosting,4,0.677193,0.716049,0.715264
Gradient Boosting,5,0.660819,0.702259,0.716978
Gradient Boosting,6,0.673684,0.725123,0.727384
Gradient Boosting,7,0.667836,0.720472,0.72739
Gradient Boosting,8,0.697076,0.737056,0.746561
Gradient Boosting,9,0.672515,0.719439,0.722159
Gradient Boosting,10,0.667836,0.716567,0.731485
AdaBoost,1,0.663158,0.703704,0.71344
AdaBoost,2,0.694737,0.727273,0.732542
AdaBoost,3,0.666667,0.702815,0.711771
AdaBoost,4,0.673684,0.709677,0.704752
AdaBoost,5,0.670175,0.708075,0.714781
AdaBoost,6,0.661988,0.710711,0.706458
AdaBoost,7,0.660819,0.708835,0.705593
AdaBoost,8,0.68538,0.723535,0.737515
AdaBoost,9,0.666667,0.708291,0.699916
AdaBoost,10,0.671345,0.716448,0.713588
LDA,1,0.597661,0.655311,0.641447
LDA,2,0.647953,0.68937,0.688015
LDA,3,0.631579,0.682139,0.680092
LDA,4,0.635088,0.679012,0.683112
LDA,5,0.59883,0.643821,0.63835
LDA,6,0.650292,0.704837,0.696214
LDA,7,0.62924,0.683317,0.67846
LDA,8,0.610526,0.658462,0.670793
LDA,9,0.605848,0.661986,0.645372
LDA,10,0.635088,0.6917,0.692114
QDA,1,0.57076,0.593577,0.617374
QDA,2,0.614035,0.645923,0.657304
QDA,3,0.632749,0.654185,0.680307
QDA,4,0.625731,0.651416,0.667001
QDA,5,0.591813,0.593714,0.627629
QDA,6,0.624561,0.655949,0.66258
QDA,7,0.62924,0.672859,0.66532
QDA,8,0.59883,0.638567,0.64874
QDA,9,0.617544,0.653968,0.659235
QDA,10,0.610526,0.643087,0.659268
MLP,1,0.609357,0.654244,0.6564
MLP,2,0.65848,0.688699,0.701663
MLP,3,0.647953,0.687435,0.693833
MLP,4,0.625731,0.659574,0.679227
MLP,5,0.621053,0.659664,0.664675
MLP,6,0.643275,0.69285,0.674574
MLP,7,0.65614,0.710059,0.696303
MLP,8,0.637427,0.672996,0.686001
MLP,9,0.623392,0.669405,0.668434
MLP,10,0.635088,0.664516,0.676371
XGBoost,1,0.654971,0.691099,0.693128
XGBoost,2,0.667836,0.702929,0.717008
XGBoost,3,0.651462,0.687631,0.691712
XGBoost,4,0.660819,0.694093,0.695355
XGBoost,5,0.638596,0.671626,0.683179
XGBoost,6,0.647953,0.699301,0.680869
XGBoost,7,0.660819,0.707071,0.687627
XGBoost,8,0.676023,0.712953,0.719535
XGBoost,9,0.653801,0.685106,0.700663
XGBoost,10,0.653801,0.696099,0.68992
LightGBM,1,0.667836,0.705394,0.719217
LightGBM,2,0.679532,0.718686,0.742837
LightGBM,3,0.663158,0.702479,0.718264
LightGBM,4,0.687719,0.722164,0.724177
LightGBM,5,0.652632,0.693498,0.711631
LightGBM,6,0.678363,0.725275,0.719546
LightGBM,7,0.673684,0.719033,0.718406
LightGBM,8,0.684211,0.72449,0.735217
LightGBM,9,0.660819,0.697917,0.721272
LightGBM,10,0.670175,0.713996,0.722038
