Genere,Classe d'età,Reddito familiare,Livello di istruzione,Casa di proprietà,Casa Indipendente,Numero persone in famiglia,Numero di auto in famiglia,Importanza di ridurre le emissioni di gas serra,Viaggio più lungo negli ultimi 12 mesi,Numero di viaggi superiori a 200 miglia negli ultimi 12 mesi,Distanza casa-lavoro,VMT annuo,Auto precedente: PHEV,Auto precedente: BEV,Auto precedente: HEV,Auto precedente: ICE,Auto precedente: GNC
1.0,5.0,175000.0,4.0,1.0,1.0,5.0,3.0,0.95,466.51,1.0,4.73,7500.0,0.0,0.0,1.0,0.0,0.0
1.0,5.0,50000.0,3.0,1.0,1.0,3.0,3.0,2.78,101.66,0.0,11.83,18545.0,0.0,0.0,0.0,1.0,0.0
1.0,5.0,125000.0,4.0,1.0,1.0,4.0,3.0,0.87,373.71,1.0,1.25,7750.0,0.0,0.0,0.0,1.0,0.0
1.0,8.0,75000.0,4.0,1.0,1.0,2.0,2.0,0.63,427.46,1.0,8.22,4232.0,1.0,0.0,0.0,0.0,0.0
1.0,5.0,225000.0,3.0,1.0,1.0,3.0,2.0,1.76,293.23,1.0,16.46,15617.0,0.0,0.0,1.0,0.0,0.0
1.0,4.0,375000.0,3.0,1.0,1.0,5.0,3.0,2.65,449.98,1.0,5.35,18034.0,0.0,1.0,0.0,0.0,0.0
1.0,3.0,125000.0,4.0,0.0,1.0,4.0,3.0,1.73,347.88,6.0,0.43,18000.0,0.0,0.0,1.0,0.0,0.0
1.0,4.0,225000.0,4.0,1.0,1.0,3.0,2.0,2.76,1217.66,5.0,15.03,16211.0,1.0,0.0,0.0,0.0,0.0
1.0,5.0,275000.0,4.0,1.0,1.0,2.0,4.0,2.78,469.53,2.0,7.9,8000.0,0.0,1.0,0.0,0.0,0.0
1.0,4.0,500000.0,4.0,1.0,1.0,4.0,2.0,2.59,136.37,0.0,2.52,14400.0,0.0,0.0,0.0,1.0,0.0
1.0,6.0,125000.0,3.0,1.0,1.0,2.0,2.0,1.26,1127.94,1.0,56.17,32896.0,0.0,0.0,1.0,0.0,0.0
0.0,2.0,125000.0,4.0,0.0,0.0,2.0,2.0,0.57,336.02,1.0,7.84,8400.0,0.0,0.0,0.0,1.0,0.0
0.0,2.0,75000.0,4.0,1.0,1.0,2.0,2.0,2.62,448.93,55.0,10.35,14400.0,0.0,0.0,0.0,1.0,0.0
1.0,3.0,225000.0,2.0,1.0,1.0,1.0,1.0,-0.41,287.77,46.0,8.58,20240.0,0.0,0.0,0.0,1.0,0.0
1.0,5.0,125000.0,3.0,1.0,1.0,5.0,3.0,1.88,210.52,1.0,15.7,17448.0,1.0,0.0,0.0,0.0,0.0
0.0,5.0,175000.0,4.0,1.0,1.0,4.0,3.0,2.75,890.67,1.0,3.96,10750.0,0.0,0.0,1.0,0.0,0.0
1.0,5.0,125000.0,2.0,1.0,1.0,4.0,3.0,1.11,303.18,30.0,18.0,37609.0,0.0,0.0,0.0,1.0,0.0
0.0,4.0,125000.0,1.0,0.0,1.0,3.0,2.0,2.59,513.77,1.0,21.39,7641.0,0.0,0.0,0.0,1.0,0.0
1.0,3.0,225000.0,4.0,1.0,1.0,4.0,2.0,2.99,980.31,1.0,9.25,8400.0,0.0,0.0,0.0,1.0,0.0
0.0,7.0,175000.0,3.0,1.0,1.0,1.0,3.0,1.58,164.21,0.0,13.69,3170.0,0.0,0.0,0.0,1.0,0.0
1.0,3.0,175000.0,3.0,1.0,1.0,2.0,2.0,2.44,97.38,0.0,1.36,6439.0,0.0,0.0,1.0,0.0,0.0
0.0,6.0,125000.0,3.0,1.0,1.0,1.0,2.0,2.63,399.22,4.0,8.4,30000.0,0.0,0.0,0.0,1.0,0.0
0.0,3.0,225000.0,4.0,1.0,0.0,2.0,2.0,2.97,149.41,0.0,4.6,6360.0,0.0,0.0,1.0,0.0,0.0
1.0,7.0,75000.0,3.0,1.0,1.0,2.0,2.0,2.42,391.72,5.0,41.03,9818.0,0.0,0.0,0.0,1.0,0.0
0.0,7.0,225000.0,4.0,1.0,1.0,2.0,4.0,-0.84,607.74,5.0,36.4,13542.0,0.0,0.0,1.0,0.0,0.0
1.0,3.0,225000.0,4.0,0.0,0.0,3.0,2.0,2.62,287.27,3.0,27.58,13765.0,0.0,0.0,0.0,1.0,0.0
1.0,5.0,275000.0,2.0,1.0,1.0,4.0,4.0,-3.0,689.72,1.0,29.39,10020.0,0.0,0.0,0.0,1.0,0.0
1.0,6.0,125000.0,4.0,1.0,1.0,2.0,2.0,2.82,333.25,1.0,11.91,2880.0,0.0,0.0,1.0,0.0,0.0
0.0,6.0,50000.0,3.0,1.0,1.0,2.0,4.0,-2.93,334.7,6.0,76.03,18600.0,0.0,0.0,0.0,1.0,0.0
0.0,4.0,125000.0,2.0,1.0,1.0,2.0,2.0,2.72,234.52,2.0,22.31,21600.0,0.0,0.0,0.0,1.0,0.0
0.0,6.0,50000.0,4.0,1.0,1.0,1.0,1.0,2.95,94.2,0.0,9.22,12364.0,0.0,1.0,0.0,0.0,0.0
1.0,4.0,275000.0,4.0,1.0,1.0,3.0,2.0,2.68,203.59,6.0,19.32,14667.0,0.0,0.0,0.0,1.0,0.0
1.0,3.0,325000.0,4.0,1.0,1.0,4.0,2.0,2.75,452.32,4.0,4.44,6353.0,0.0,0.0,0.0,1.0,0.0
1.0,5.0,225000.0,4.0,1.0,1.0,5.0,3.0,2.44,65.23,0.0,19.61,14681.0,0.0,0.0,1.0,0.0,0.0
1.0,7.0,125000.0,4.0,1.0,1.0,2.0,1.0,2.88,2101.95,50.0,40.88,26464.0,0.0,1.0,0.0,0.0,0.0
1.0,5.0,125000.0,4.0,1.0,1.0,5.0,3.0,2.74,366.57,1.0,25.15,13000.0,0.0,1.0,0.0,0.0,0.0
1.0,3.0,50000.0,2.0,1.0,1.0,4.0,2.0,0.0,160.69,0.0,16.34,10667.0,0.0,0.0,0.0,1.0,0.0
1.0,7.0,75000.0,2.0,1.0,1.0,2.0,2.0,2.76,214.41,1.0,12.31,7967.0,0.0,0.0,1.0,0.0,0.0
1.0,4.0,125000.0,4.0,0.0,0.0,1.0,1.0,2.56,213.2,10.0,44.99,21343.0,0.0,0.0,0.0,1.0,0.0
1.0,5.0,225000.0,4.0,1.0,1.0,4.0,2.0,2.61,421.55,5.0,7.3,6727.0,0.0,0.0,1.0,0.0,0.0
1.0,3.0,225000.0,3.0,1.0,1.0,3.0,3.0,0.0,478.85,7.0,2.16,8539.0,0.0,0.0,0.0,1.0,0.0
1.0,3.0,375000.0,3.0,1.0,1.0,4.0,2.0,1.53,271.19,1.0,28.85,13333.0,0.0,0.0,0.0,1.0,0.0
1.0,6.0,500000.0,4.0,1.0,1.0,2.0,4.0,1.68,183.97,0.0,17.35,10909.0,0.0,0.0,0.0,1.0,0.0
1.0,5.0,500000.0,4.0,1.0,1.0,4.0,3.0,1.33,666.09,1.0,22.7,17143.0,0.0,1.0,0.0,0.0,0.0
1.0,3.0,75000.0,4.0,1.0,0.0,4.0,2.0,-1.51,269.3,1.0,33.54,12000.0,0.0,0.0,0.0,1.0,0.0
1.0,6.0,375000.0,3.0,1.0,1.0,3.0,3.0,2.84,201.07,1.0,8.43,60000.0,0.0,1.0,0.0,0.0,0.0
1.0,5.0,175000.0,4.0,1.0,1.0,2.0,2.0,0.87,308.95,4.0,35.13,15200.0,0.0,0.0,1.0,0.0,0.0
1.0,7.0,500000.0,3.0,1.0,0.0,2.0,2.0,2.57,65.27,0.0,7.49,12000.0,1.0,0.0,0.0,0.0,0.0
1.0,4.0,125000.0,3.0,1.0,1.0,1.0,2.0,2.52,448.51,2.0,27.44,15529.0,0.0,0.0,0.0,1.0,0.0
1.0,4.0,375000.0,4.0,1.0,1.0,4.0,4.0,2.52,295.77,1.0,33.19,12399.0,1.0,0.0,0.0,0.0,0.0
0.0,5.0,75000.0,3.0,1.0,1.0,2.0,1.0,2.79,725.75,3.0,1.51,8592.0,0.0,0.0,0.0,1.0,0.0
1.0,4.0,175000.0,4.0,1.0,1.0,4.0,2.0,2.52,233.51,1.0,4.21,11280.0,0.0,0.0,1.0,0.0,0.0
0.0,4.0,175000.0,4.0,1.0,1.0,4.0,3.0,2.6,483.46,1.0,27.42,11227.0,0.0,0.0,1.0,0.0,0.0
1.0,5.0,125000.0,4.0,0.0,1.0,3.0,3.0,2.86,1285.51,3.0,2.91,31620.0,0.0,0.0,0.0,1.0,0.0
1.0,3.0,175000.0,2.0,1.0,1.0,5.0,3.0,2.59,159.09,0.0,47.37,2500.0,0.0,0.0,0.0,1.0,0.0
0.0,5.0,175000.0,4.0,1.0,1.0,3.0,3.0,2.47,268.07,1.0,7.13,6000.0,0.0,1.0,0.0,0.0,0.0
1.0,6.0,325000.0,3.0,1.0,1.0,2.0,2.0,-0.47,400.15,1.0,13.13,9467.0,0.0,0.0,0.0,1.0,0.0
1.0,5.0,175000.0,4.0,1.0,1.0,3.0,2.0,1.86,412.12,8.0,7.41,14143.0,0.0,0.0,1.0,0.0,0.0
1.0,5.0,175000.0,3.0,1.0,1.0,4.0,4.0,0.0,421.36,1.0,41.76,14727.0,0.0,0.0,0.0,1.0,0.0
0.0,2.0,175000.0,3.0,1.0,1.0,3.0,3.0,1.06,260.81,3.0,23.68,36000.0,0.0,0.0,0.0,1.0,0.0
1.0,5.0,125000.0,2.0,1.0,1.0,2.0,2.0,2.77,123.86,0.0,27.75,8632.0,0.0,0.0,1.0,0.0,0.0
0.0,6.0,175000.0,4.0,1.0,1.0,4.0,4.0,2.53,144.57,0.0,30.62,14502.0,0.0,0.0,1.0,0.0,0.0
0.0,2.0,325000.0,3.0,0.0,1.0,6.0,5.0,2.73,429.95,1.0,29.65,211765.0,0.0,0.0,1.0,0.0,0.0
1.0,5.0,125000.0,4.0,1.0,1.0,2.0,2.0,2.4,73.04,0.0,13.65,12600.0,0.0,0.0,0.0,1.0,0.0
1.0,8.0,325000.0,4.0,1.0,1.0,2.0,2.0,2.8,227.72,5.0,20.3,31667.0,0.0,0.0,1.0,0.0,0.0
1.0,4.0,225000.0,3.0,1.0,1.0,6.0,4.0,2.72,375.1,1.0,16.69,6343.0,0.0,0.0,0.0,1.0,0.0
1.0,4.0,275000.0,4.0,1.0,1.0,4.0,3.0,2.72,194.33,0.0,20.11,12932.0,0.0,0.0,0.0,1.0,0.0
1.0,6.0,125000.0,3.0,1.0,1.0,2.0,2.0,2.72,351.6,1.0,12.15,6000.0,1.0,0.0,0.0,0.0,0.0
1.0,6.0,125000.0,4.0,1.0,1.0,2.0,2.0,2.86,156.08,0.0,10.46,7501.0,0.0,0.0,0.0,1.0,0.0
1.0,3.0,175000.0,2.0,1.0,1.0,5.0,2.0,2.7,255.75,1.0,37.21,18000.0,1.0,0.0,0.0,0.0,0.0
1.0,5.0,275000.0,4.0,1.0,1.0,4.0,3.0,2.75,435.91,8.0,21.64,13333.0,0.0,0.0,0.0,1.0,0.0
1.0,3.0,75000.0,2.0,1.0,0.0,1.0,1.0,0.0,508.18,4.0,37.53,47143.0,0.0,0.0,0.0,1.0,0.0
1.0,5.0,175000.0,4.0,1.0,1.0,3.0,3.0,2.75,264.06,4.0,1.59,11545.0,0.0,0.0,1.0,0.0,0.0
0.0,3.0,175000.0,3.0,1.0,0.0,2.0,2.0,2.08,287.84,4.0,16.29,15725.0,0.0,0.0,0.0,1.0,0.0
1.0,5.0,125000.0,4.0,0.0,0.0,2.0,3.0,2.79,383.34,1.0,19.41,12104.0,0.0,1.0,0.0,0.0,0.0
1.0,4.0,225000.0,2.0,1.0,1.0,2.0,2.0,1.57,355.23,1.0,6.16,5462.0,0.0,0.0,1.0,0.0,0.0
1.0,4.0,175000.0,4.0,1.0,1.0,2.0,1.0,2.69,528.06,25.0,8.3,18462.0,0.0,0.0,1.0,0.0,0.0
0.0,4.0,175000.0,3.0,1.0,1.0,2.0,2.0,2.61,183.13,0.0,2.45,7800.0,0.0,0.0,0.0,1.0,0.0
1.0,7.0,125000.0,4.0,1.0,0.0,2.0,4.0,-2.79,153.1,0.0,8.24,8000.0,0.0,0.0,0.0,1.0,0.0
1.0,6.0,125000.0,4.0,1.0,1.0,1.0,3.0,2.79,269.53,20.0,3.71,13003.0,0.0,0.0,1.0,0.0,0.0
1.0,5.0,275000.0,4.0,1.0,1.0,5.0,5.0,2.51,129.17,0.0,43.58,9000.0,0.0,0.0,0.0,0.0,1.0
0.0,4.0,175000.0,3.0,1.0,1.0,2.0,4.0,2.48,789.65,3.0,20.63,12757.0,0.0,0.0,0.0,1.0,0.0
1.0,4.0,175000.0,4.0,1.0,1.0,2.0,3.0,2.63,304.28,1.0,38.05,13680.0,0.0,0.0,1.0,0.0,0.0
0.0,6.0,75000.0,2.0,1.0,1.0,2.0,3.0,1.35,312.05,1.0,3.49,9000.0,0.0,1.0,0.0,0.0,0.0
1.0,5.0,75000.0,3.0,1.0,1.0,2.0,1.0,2.47,83.64,0.0,16.45,15000.0,1.0,0.0,0.0,0.0,0.0
1.0,4.0,275000.0,4.0,1.0,1.0,3.0,2.0,2.85,367.29,1.0,18.89,12800.0,0.0,0.0,0.0,1.0,0.0
0.0,3.0,75000.0,4.0,0.0,0.0,2.0,2.0,0.65,313.17,1.0,42.42,25714.0,0.0,0.0,0.0,1.0,0.0
1.0,4.0,225000.0,4.0,1.0,1.0,4.0,2.0,0.45,146.31,0.0,31.41,17673.0,0.0,0.0,0.0,1.0,0.0
0.0,6.0,75000.0,3.0,1.0,1.0,2.0,2.0,2.89,95.59,0.0,5.47,5148.0,0.0,0.0,0.0,1.0,0.0
1.0,6.0,375000.0,4.0,1.0,1.0,2.0,4.0,1.15,2435.08,1.0,76.27,12000.0,1.0,0.0,0.0,0.0,0.0
1.0,6.0,175000.0,4.0,1.0,1.0,2.0,3.0,0.0,559.01,1.0,13.83,5600.0,1.0,0.0,0.0,0.0,0.0
1.0,6.0,175000.0,3.0,1.0,1.0,4.0,4.0,2.6,485.13,40.0,28.27,6000.0,0.0,0.0,1.0,0.0,0.0
1.0,4.0,375000.0,4.0,1.0,1.0,4.0,4.0,2.96,373.78,2.0,2.36,8578.0,0.0,1.0,0.0,0.0,0.0
1.0,4.0,275000.0,4.0,1.0,1.0,4.0,2.0,-2.97,399.28,1.0,23.53,16219.0,0.0,0.0,0.0,1.0,0.0
1.0,5.0,225000.0,4.0,1.0,1.0,4.0,3.0,2.8,464.36,1.0,6.7,12000.0,0.0,0.0,1.0,0.0,0.0
1.0,4.0,325000.0,4.0,1.0,1.0,4.0,2.0,-0.38,286.64,1.0,4.7,12150.0,0.0,0.0,0.0,1.0,0.0
0.0,5.0,175000.0,4.0,1.0,1.0,2.0,2.0,2.8,162.14,0.0,23.59,15882.0,0.0,0.0,0.0,1.0,0.0
1.0,3.0,125000.0,3.0,1.0,1.0,4.0,2.0,2.5,229.11,1.0,15.36,9000.0,0.0,0.0,0.0,1.0,0.0
1.0,5.0,75000.0,3.0,1.0,0.0,2.0,2.0,2.82,135.15,0.0,9.63,13151.0,0.0,0.0,0.0,1.0,0.0
0.0,3.0,75000.0,4.0,0.0,1.0,1.0,1.0,2.56,399.02,2.0,10.42,10200.0,0.0,0.0,1.0,0.0,0.0
1.0,6.0,225000.0,3.0,1.0,1.0,2.0,2.0,1.73,141.52,0.0,2.11,5442.0,0.0,0.0,0.0,1.0,0.0
1.0,3.0,125000.0,3.0,0.0,1.0,2.0,1.0,2.6,157.86,0.0,10.81,17739.0,0.0,0.0,0.0,1.0,0.0
1.0,5.0,175000.0,4.0,1.0,1.0,2.0,2.0,2.8,474.38,1.0,24.83,7551.0,0.0,0.0,1.0,0.0,0.0
0.0,4.0,125000.0,3.0,1.0,1.0,7.0,4.0,2.39,640.91,12.0,18.39,29760.0,0.0,0.0,1.0,0.0,0.0
1.0,4.0,325000.0,4.0,1.0,1.0,4.0,3.0,0.0,422.59,1.0,22.58,13636.0,0.0,1.0,0.0,0.0,0.0
1.0,4.0,175000.0,4.0,1.0,1.0,3.0,2.0,2.76,381.74,1.0,12.67,8000.0,0.0,1.0,0.0,0.0,0.0
1.0,6.0,125000.0,3.0,1.0,1.0,2.0,2.0,2.74,129.83,0.0,22.13,14409.0,0.0,0.0,1.0,0.0,0.0
0.0,4.0,125000.0,3.0,1.0,1.0,3.0,4.0,2.8,159.31,0.0,39.37,3400.0,0.0,0.0,1.0,0.0,0.0
0.0,3.0,225000.0,4.0,1.0,0.0,2.0,2.0,0.68,269.86,1.0,17.34,13500.0,0.0,0.0,0.0,1.0,0.0
0.0,3.0,225000.0,4.0,1.0,1.0,4.0,2.0,0.0,81.35,0.0,24.8,21000.0,0.0,0.0,0.0,1.0,0.0
1.0,5.0,125000.0,4.0,1.0,1.0,3.0,3.0,2.62,732.22,1.0,31.98,13004.0,0.0,0.0,1.0,0.0,0.0
0.0,4.0,125000.0,4.0,1.0,1.0,3.0,2.0,2.97,270.23,3.0,1.81,12387.0,0.0,0.0,0.0,1.0,0.0
0.0,5.0,225000.0,4.0,1.0,1.0,2.0,2.0,2.77,211.24,6.0,12.27,15140.0,0.0,0.0,0.0,1.0,0.0
1.0,6.0,175000.0,4.0,1.0,1.0,3.0,2.0,2.37,170.24,0.0,14.93,11847.0,0.0,0.0,0.0,1.0,0.0
0.0,6.0,175000.0,2.0,1.0,1.0,2.0,3.0,2.57,153.99,0.0,153.99,26118.0,0.0,0.0,1.0,0.0,0.0
1.0,4.0,325000.0,4.0,1.0,1.0,3.0,2.0,2.53,195.65,0.0,21.86,9563.0,0.0,0.0,0.0,1.0,0.0
0.0,3.0,175000.0,2.0,1.0,1.0,3.0,2.0,2.64,323.97,1.0,9.2,4267.0,0.0,0.0,0.0,1.0,0.0
1.0,4.0,500000.0,4.0,1.0,1.0,4.0,3.0,0.0,365.16,1.0,23.85,13154.0,0.0,0.0,1.0,0.0,0.0
0.0,3.0,125000.0,2.0,0.0,0.0,2.0,2.0,2.17,79.02,0.0,13.87,10800.0,0.0,1.0,0.0,0.0,0.0
1.0,3.0,175000.0,3.0,1.0,1.0,4.0,2.0,2.67,250.32,1.0,34.1,12000.0,0.0,0.0,0.0,1.0,0.0
1.0,2.0,75000.0,2.0,0.0,0.0,2.0,2.0,2.63,381.99,8.0,8.83,12750.0,0.0,0.0,0.0,0.0,1.0
1.0,5.0,125000.0,4.0,1.0,1.0,2.0,3.0,-2.86,318.58,4.0,40.09,17647.0,0.0,0.0,0.0,1.0,0.0
1.0,6.0,225000.0,3.0,1.0,1.0,3.0,5.0,2.94,223.66,1.0,128.12,24600.0,0.0,0.0,0.0,1.0,0.0
1.0,5.0,125000.0,3.0,1.0,1.0,1.0,2.0,1.89,437.31,4.0,16.28,21240.0,1.0,0.0,0.0,0.0,0.0
0.0,4.0,275000.0,2.0,1.0,1.0,3.0,2.0,0.0,345.04,1.0,33.6,17143.0,1.0,0.0,0.0,0.0,0.0
1.0,4.0,125000.0,3.0,1.0,1.0,4.0,3.0,2.65,471.01,1.0,15.63,14571.0,0.0,0.0,1.0,0.0,0.0
1.0,5.0,175000.0,3.0,1.0,1.0,4.0,4.0,1.74,334.06,1.0,18.12,8144.0,0.0,0.0,0.0,1.0,0.0
1.0,6.0,125000.0,4.0,1.0,1.0,2.0,3.0,2.93,200.69,1.0,59.8,4907.0,0.0,1.0,0.0,0.0,0.0
1.0,6.0,125000.0,4.0,1.0,1.0,2.0,3.0,2.84,598.48,1.0,6.57,3750.0,0.0,0.0,0.0,1.0,0.0
1.0,4.0,225000.0,3.0,1.0,0.0,2.0,2.0,-2.98,479.23,1.0,15.63,6720.0,0.0,0.0,0.0,1.0,0.0
1.0,3.0,125000.0,2.0,1.0,1.0,5.0,3.0,0.62,76.32,0.0,22.16,18000.0,0.0,0.0,0.0,1.0,0.0
1.0,7.0,125000.0,3.0,1.0,1.0,4.0,2.0,2.67,119.94,0.0,2.87,10348.0,0.0,1.0,0.0,0.0,0.0
1.0,4.0,500000.0,4.0,1.0,1.0,4.0,2.0,2.59,113.25,0.0,21.39,12369.0,0.0,0.0,0.0,0.0,1.0
1.0,5.0,275000.0,4.0,1.0,1.0,2.0,2.0,-2.86,291.65,13.0,30.97,25364.0,0.0,0.0,0.0,1.0,0.0
1.0,3.0,125000.0,4.0,0.0,1.0,5.0,2.0,2.03,394.01,10.0,10.06,22000.0,0.0,1.0,0.0,0.0,0.0
1.0,4.0,75000.0,2.0,0.0,1.0,5.0,3.0,-0.68,511.13,10.0,12.73,15400.0,0.0,0.0,0.0,1.0,0.0
0.0,3.0,75000.0,4.0,0.0,1.0,5.0,5.0,1.81,630.97,2.0,9.02,12366.0,0.0,0.0,0.0,1.0,0.0
1.0,5.0,125000.0,2.0,1.0,1.0,2.0,2.0,2.12,78.23,0.0,9.76,6545.0,0.0,0.0,0.0,0.0,1.0
1.0,4.0,325000.0,4.0,1.0,1.0,4.0,2.0,2.75,371.27,1.0,10.24,7575.0,0.0,0.0,1.0,0.0,0.0
1.0,4.0,125000.0,3.0,1.0,1.0,4.0,5.0,0.66,482.92,8.0,4.08,14999.0,0.0,1.0,0.0,0.0,0.0
1.0,3.0,500000.0,4.0,1.0,1.0,4.0,3.0,2.24,112.37,0.0,19.65,15000.0,0.0,0.0,1.0,0.0,0.0
1.0,6.0,375000.0,4.0,1.0,1.0,2.0,3.0,-0.83,783.79,12.0,38.6,21273.0,1.0,0.0,0.0,0.0,0.0
1.0,6.0,375000.0,4.0,1.0,1.0,2.0,3.0,2.69,221.45,1.0,8.36,5842.0,0.0,0.0,1.0,0.0,0.0
1.0,4.0,175000.0,3.0,1.0,0.0,4.0,4.0,2.8,62.44,0.0,33.75,10800.0,0.0,1.0,0.0,0.0,0.0
1.0,7.0,125000.0,3.0,1.0,1.0,2.0,2.0,2.82,335.13,1.0,12.02,8535.0,0.0,0.0,1.0,0.0,0.0
1.0,6.0,500000.0,3.0,0.0,1.0,2.0,1.0,1.44,26.19,0.0,20.37,10000.0,0.0,0.0,1.0,0.0,0.0
1.0,4.0,225000.0,4.0,0.0,1.0,5.0,2.0,2.62,348.03,1.0,24.5,12235.0,0.0,0.0,0.0,1.0,0.0
1.0,3.0,225000.0,2.0,0.0,0.0,2.0,2.0,2.72,307.77,4.0,0.21,1956.0,1.0,0.0,0.0,0.0,0.0
1.0,4.0,125000.0,4.0,1.0,1.0,4.0,2.0,0.0,62.2,0.0,48.12,20217.0,0.0,0.0,0.0,1.0,0.0
0.0,3.0,175000.0,4.0,1.0,0.0,2.0,2.0,2.63,139.45,0.0,22.03,9818.0,0.0,0.0,0.0,1.0,0.0
1.0,6.0,225000.0,4.0,1.0,1.0,2.0,2.0,2.43,740.45,8.0,0.05,8100.0,0.0,1.0,0.0,0.0,0.0
1.0,4.0,325000.0,3.0,1.0,1.0,4.0,4.0,2.17,359.91,1.0,2.87,5400.0,0.0,0.0,0.0,1.0,0.0
1.0,5.0,125000.0,4.0,1.0,0.0,2.0,3.0,-2.62,253.66,7.0,4.66,10345.0,0.0,0.0,1.0,0.0,0.0
0.0,3.0,175000.0,3.0,0.0,1.0,2.0,2.0,2.7,279.99,3.0,10.38,9712.0,0.0,0.0,0.0,1.0,0.0
1.0,4.0,225000.0,3.0,1.0,0.0,4.0,2.0,1.4,550.93,1.0,15.35,6417.0,0.0,0.0,0.0,1.0,0.0
1.0,6.0,75000.0,4.0,1.0,1.0,1.0,1.0,2.63,92.69,0.0,1.23,1838.0,0.0,0.0,0.0,1.0,0.0
1.0,2.0,175000.0,4.0,1.0,1.0,2.0,3.0,2.52,266.0,1.0,7.33,15750.0,0.0,0.0,0.0,1.0,0.0
0.0,7.0,125000.0,2.0,1.0,0.0,2.0,2.0,-2.91,411.51,1.0,2.1,1206.0,0.0,0.0,1.0,0.0,0.0
1.0,4.0,125000.0,4.0,1.0,1.0,4.0,2.0,2.71,448.79,2.0,21.05,16611.0,0.0,0.0,0.0,1.0,0.0
1.0,5.0,75000.0,3.0,1.0,1.0,2.0,2.0,2.77,105.97,0.0,9.39,17991.0,0.0,0.0,0.0,1.0,0.0
0.0,3.0,225000.0,4.0,1.0,1.0,3.0,2.0,2.59,338.96,1.0,3.93,6300.0,0.0,0.0,0.0,1.0,0.0
1.0,4.0,225000.0,4.0,1.0,1.0,3.0,3.0,2.7,125.3,0.0,33.47,37091.0,0.0,0.0,0.0,1.0,0.0
1.0,4.0,125000.0,3.0,1.0,1.0,3.0,1.0,0.96,861.11,5.0,9.05,21667.0,0.0,0.0,0.0,1.0,0.0
0.0,3.0,75000.0,4.0,0.0,0.0,1.0,1.0,2.1,308.05,2.0,8.44,10858.0,0.0,0.0,0.0,1.0,0.0
1.0,4.0,275000.0,3.0,1.0,1.0,5.0,4.0,1.7,470.97,1.0,5.61,7385.0,1.0,0.0,0.0,0.0,0.0
1.0,4.0,75000.0,2.0,0.0,0.0,1.0,1.0,2.75,33.6,0.0,2.14,10909.0,0.0,0.0,1.0,0.0,0.0
1.0,3.0,275000.0,4.0,1.0,1.0,2.0,2.0,1.62,371.05,1.0,26.45,14215.0,0.0,0.0,0.0,1.0,0.0
1.0,5.0,225000.0,4.0,1.0,1.0,4.0,2.0,2.78,358.32,1.0,4.27,4120.0,0.0,0.0,0.0,1.0,0.0
0.0,4.0,225000.0,4.0,1.0,1.0,3.0,2.0,2.65,382.97,1.0,10.49,7000.0,0.0,0.0,0.0,1.0,0.0
1.0,7.0,225000.0,3.0,1.0,1.0,1.0,2.0,2.59,401.84,1.0,22.33,10560.0,0.0,0.0,1.0,0.0,0.0
0.0,6.0,325000.0,3.0,1.0,1.0,2.0,2.0,2.67,137.97,0.0,8.17,1260.0,0.0,1.0,0.0,0.0,0.0
1.0,2.0,125000.0,4.0,0.0,0.0,1.0,2.0,2.09,390.49,1.0,5.27,5486.0,0.0,0.0,0.0,1.0,0.0
1.0,3.0,125000.0,4.0,1.0,1.0,5.0,3.0,-3.0,217.65,1.0,9.31,7714.0,0.0,0.0,0.0,1.0,0.0
0.0,5.0,500000.0,3.0,1.0,1.0,2.0,4.0,2.88,116.11,0.0,11.57,4000.0,0.0,0.0,0.0,1.0,0.0
1.0,3.0,125000.0,3.0,1.0,0.0,1.0,2.0,2.6,364.38,1.0,14.33,21900.0,0.0,0.0,0.0,1.0,0.0
1.0,3.0,225000.0,3.0,1.0,1.0,3.0,5.0,-3.0,319.76,4.0,75.96,33000.0,0.0,0.0,0.0,1.0,0.0
1.0,5.0,125000.0,4.0,1.0,1.0,4.0,3.0,1.24,370.73,14.0,2.54,13640.0,0.0,0.0,0.0,1.0,0.0
1.0,6.0,500000.0,3.0,1.0,1.0,2.0,5.0,2.78,106.46,0.0,7.32,3496.0,0.0,0.0,1.0,0.0,0.0
0.0,5.0,225000.0,3.0,1.0,1.0,4.0,4.0,0.0,388.2,1.0,25.64,18958.0,0.0,0.0,0.0,1.0,0.0
1.0,5.0,175000.0,4.0,1.0,1.0,2.0,2.0,2.79,83.16,0.0,2.45,7000.0,1.0,0.0,0.0,0.0,0.0
1.0,6.0,325000.0,4.0,1.0,1.0,3.0,4.0,2.44,347.66,6.0,0.35,19714.0,1.0,0.0,0.0,0.0,0.0
1.0,6.0,175000.0,3.0,1.0,1.0,4.0,3.0,2.8,524.06,1.0,14.52,15091.0,0.0,0.0,0.0,1.0,0.0
0.0,4.0,50000.0,3.0,0.0,0.0,4.0,3.0,0.0,544.05,8.0,3.46,18600.0,0.0,0.0,0.0,1.0,0.0
1.0,5.0,175000.0,4.0,1.0,1.0,1.0,1.0,2.45,343.86,3.0,19.47,11018.0,0.0,0.0,0.0,1.0,0.0
1.0,5.0,175000.0,4.0,1.0,1.0,5.0,5.0,2.06,279.09,5.0,15.61,15360.0,0.0,1.0,0.0,0.0,0.0
1.0,4.0,75000.0,3.0,0.0,0.0,1.0,1.0,1.1,118.12,0.0,0.29,9600.0,1.0,0.0,0.0,0.0,0.0
1.0,4.0,275000.0,4.0,1.0,1.0,6.0,2.0,-3.0,716.49,1.0,5.91,13800.0,1.0,0.0,0.0,0.0,0.0
1.0,6.0,125000.0,3.0,1.0,1.0,3.0,3.0,2.58,261.03,1.0,14.54,16332.0,0.0,0.0,0.0,1.0,0.0
0.0,5.0,125000.0,2.0,1.0,1.0,2.0,3.0,2.16,435.1,1.0,3.56,8815.0,1.0,0.0,0.0,0.0,0.0
1.0,3.0,275000.0,4.0,1.0,1.0,4.0,2.0,2.71,333.44,1.0,13.79,12400.0,0.0,0.0,0.0,1.0,0.0
1.0,4.0,500000.0,3.0,1.0,1.0,4.0,4.0,2.65,453.2,8.0,17.64,8000.0,0.0,1.0,0.0,0.0,0.0
1.0,4.0,325000.0,4.0,1.0,1.0,4.0,2.0,2.42,490.07,1.0,20.11,11.0,0.0,0.0,0.0,1.0,0.0
1.0,5.0,225000.0,3.0,1.0,1.0,2.0,2.0,2.75,280.11,1.0,8.76,10500.0,0.0,0.0,1.0,0.0,0.0
1.0,6.0,225000.0,4.0,1.0,1.0,3.0,2.0,2.39,130.5,0.0,18.57,11000.0,1.0,0.0,0.0,0.0,0.0
1.0,4.0,325000.0,4.0,1.0,1.0,4.0,2.0,2.69,286.2,2.0,15.8,13800.0,0.0,0.0,0.0,1.0,0.0
0.0,4.0,175000.0,4.0,1.0,1.0,4.0,2.0,2.85,535.67,1.0,18.52,11441.0,0.0,0.0,1.0,0.0,0.0
1.0,4.0,125000.0,3.0,1.0,1.0,3.0,3.0,2.59,114.15,0.0,16.55,12000.0,0.0,0.0,1.0,0.0,0.0
1.0,4.0,125000.0,4.0,1.0,1.0,4.0,3.0,0.44,355.49,1.0,64.5,28500.0,0.0,0.0,1.0,0.0,0.0
1.0,6.0,225000.0,3.0,1.0,1.0,2.0,3.0,2.95,97.91,0.0,25.48,12747.0,0.0,0.0,1.0,0.0,0.0
1.0,6.0,125000.0,3.0,1.0,1.0,2.0,2.0,2.76,1115.11,6.0,2.13,10950.0,0.0,0.0,0.0,1.0,0.0
1.0,7.0,125000.0,4.0,0.0,1.0,2.0,2.0,2.94,399.95,6.0,15.46,18171.0,0.0,0.0,1.0,0.0,0.0
0.0,4.0,175000.0,4.0,1.0,1.0,4.0,2.0,2.93,318.88,1.0,8.25,10752.0,0.0,0.0,0.0,1.0,0.0
1.0,5.0,75000.0,3.0,1.0,1.0,2.0,2.0,0.0,529.38,1.0,11.09,8400.0,0.0,0.0,0.0,1.0,0.0
1.0,5.0,175000.0,4.0,1.0,1.0,4.0,3.0,2.7,132.25,0.0,13.51,10667.0,0.0,0.0,1.0,0.0,0.0
1.0,4.0,375000.0,4.0,0.0,1.0,4.0,2.0,2.73,220.44,1.0,10.2,11143.0,0.0,0.0,0.0,1.0,0.0
0.0,3.0,75000.0,4.0,1.0,0.0,2.0,2.0,2.65,100.61,0.0,42.21,17870.0,0.0,0.0,0.0,1.0,0.0
1.0,4.0,125000.0,4.0,1.0,1.0,5.0,2.0,2.73,320.51,1.0,17.47,10457.0,0.0,0.0,0.0,1.0,0.0
1.0,3.0,325000.0,3.0,1.0,1.0,3.0,3.0,0.0,346.82,1.0,15.81,6667.0,0.0,0.0,0.0,1.0,0.0
0.0,5.0,225000.0,3.0,1.0,1.0,2.0,2.0,0.91,180.99,0.0,58.81,12000.0,0.0,0.0,0.0,1.0,0.0
0.0,5.0,225000.0,4.0,1.0,1.0,4.0,5.0,1.72,390.22,3.0,31.73,23500.0,0.0,0.0,0.0,0.0,1.0
1.0,6.0,125000.0,4.0,1.0,1.0,2.0,1.0,2.76,498.41,2.0,7.19,16154.0,0.0,0.0,0.0,1.0,0.0
1.0,3.0,225000.0,3.0,1.0,1.0,2.0,2.0,1.9,126.59,0.0,37.47,30667.0,0.0,1.0,0.0,0.0,0.0
0.0,5.0,125000.0,3.0,1.0,0.0,2.0,1.0,2.81,51.9,0.0,13.4,3357.0,0.0,0.0,1.0,0.0,0.0
1.0,4.0,325000.0,4.0,1.0,1.0,3.0,2.0,2.97,230.55,1.0,12.99,12500.0,0.0,0.0,0.0,1.0,0.0
1.0,3.0,175000.0,2.0,1.0,0.0,4.0,2.0,-3.0,407.2,1.0,38.8,16800.0,1.0,0.0,0.0,0.0,0.0
1.0,6.0,275000.0,2.0,1.0,1.0,2.0,2.0,2.64,290.47,3.0,25.08,15381.0,0.0,0.0,0.0,1.0,0.0
1.0,7.0,125000.0,3.0,1.0,0.0,2.0,2.0,2.6,90.58,0.0,0.67,6340.0,0.0,0.0,0.0,1.0,0.0
1.0,5.0,175000.0,4.0,1.0,0.0,2.0,2.0,2.65,73.38,0.0,9.09,8571.0,0.0,0.0,1.0,0.0,0.0
1.0,4.0,175000.0,2.0,1.0,1.0,3.0,2.0,1.62,134.14,0.0,6.73,13200.0,0.0,0.0,0.0,1.0,0.0
1.0,5.0,175000.0,3.0,1.0,1.0,2.0,3.0,2.47,403.04,3.0,17.3,22703.0,0.0,0.0,1.0,0.0,0.0
0.0,5.0,425000.0,4.0,1.0,1.0,2.0,3.0,2.89,266.76,20.0,6.32,17862.0,0.0,0.0,0.0,1.0,0.0
1.0,5.0,325000.0,4.0,1.0,1.0,5.0,4.0,2.92,269.33,2.0,21.74,7971.0,0.0,0.0,0.0,1.0,0.0
1.0,4.0,175000.0,4.0,1.0,1.0,4.0,2.0,2.08,471.97,6.0,47.16,10800.0,0.0,0.0,0.0,1.0,0.0
0.0,3.0,225000.0,4.0,0.0,0.0,2.0,2.0,0.0,440.45,1.0,3.61,5535.0,0.0,0.0,1.0,0.0,0.0
0.0,3.0,175000.0,3.0,1.0,1.0,3.0,3.0,2.65,351.51,1.0,15.49,13000.0,0.0,0.0,0.0,1.0,0.0
0.0,4.0,175000.0,3.0,1.0,1.0,3.0,2.0,2.6,370.96,2.0,22.89,20000.0,0.0,0.0,0.0,1.0,0.0
1.0,4.0,225000.0,4.0,1.0,1.0,4.0,3.0,2.84,99.39,0.0,24.07,9600.0,0.0,0.0,0.0,1.0,0.0
1.0,6.0,225000.0,4.0,1.0,1.0,1.0,2.0,2.5,426.08,5.0,21.26,32727.0,0.0,0.0,1.0,0.0,0.0
1.0,4.0,125000.0,3.0,1.0,1.0,6.0,3.0,2.51,439.0,1.0,14.63,13200.0,1.0,0.0,0.0,0.0,0.0
1.0,6.0,125000.0,3.0,1.0,1.0,3.0,3.0,0.0,234.75,1.0,22.57,12000.0,0.0,0.0,0.0,1.0,0.0
1.0,7.0,500000.0,4.0,1.0,1.0,1.0,3.0,2.75,131.19,0.0,11.4,12840.0,0.0,1.0,0.0,0.0,0.0
1.0,6.0,75000.0,4.0,1.0,1.0,2.0,2.0,-1.82,507.91,3.0,14.95,6189.0,0.0,0.0,0.0,1.0,0.0
1.0,5.0,175000.0,4.0,1.0,1.0,2.0,3.0,0.31,349.27,2.0,21.09,12000.0,0.0,0.0,0.0,1.0,0.0
0.0,4.0,175000.0,2.0,1.0,1.0,6.0,3.0,2.77,321.44,2.0,32.8,43236.0,0.0,0.0,0.0,1.0,0.0
0.0,6.0,125000.0,4.0,1.0,1.0,2.0,2.0,2.52,155.66,0.0,75.11,7867.0,0.0,0.0,0.0,1.0,0.0
1.0,5.0,375000.0,4.0,1.0,1.0,4.0,3.0,0.0,317.87,6.0,18.31,18212.0,0.0,0.0,0.0,1.0,0.0
1.0,4.0,175000.0,3.0,1.0,1.0,4.0,3.0,2.24,194.13,0.0,5.75,8454.0,0.0,0.0,0.0,1.0,0.0
0.0,4.0,275000.0,4.0,1.0,1.0,3.0,4.0,0.43,155.66,0.0,10.2,3382.0,0.0,0.0,0.0,1.0,0.0
0.0,4.0,75000.0,4.0,1.0,1.0,3.0,4.0,2.58,521.83,1.0,9.82,4800.0,0.0,0.0,0.0,1.0,0.0
1.0,6.0,75000.0,2.0,1.0,1.0,7.0,4.0,2.83,579.66,1.0,5.35,9702.0,0.0,1.0,0.0,0.0,0.0
1.0,7.0,125000.0,4.0,1.0,1.0,2.0,2.0,-2.52,315.05,2.0,24.73,7513.0,0.0,0.0,0.0,1.0,0.0
1.0,3.0,375000.0,3.0,1.0,1.0,4.0,2.0,2.56,525.6,2.0,57.65,31200.0,0.0,1.0,0.0,0.0,0.0
1.0,7.0,325000.0,4.0,1.0,1.0,2.0,5.0,2.49,460.34,1.0,9.77,6000.0,0.0,1.0,0.0,0.0,0.0
1.0,6.0,475000.0,3.0,1.0,1.0,2.0,5.0,2.62,386.73,1.0,2.23,12000.0,1.0,0.0,0.0,0.0,0.0
1.0,6.0,125000.0,4.0,1.0,1.0,2.0,3.0,2.58,706.62,1.0,10.24,9290.0,0.0,0.0,0.0,1.0,0.0
1.0,5.0,125000.0,3.0,1.0,0.0,2.0,2.0,2.6,256.12,1.0,4.42,6300.0,0.0,0.0,0.0,1.0,0.0
1.0,6.0,175000.0,4.0,1.0,1.0,2.0,2.0,1.06,124.72,0.0,2.24,7132.0,0.0,0.0,0.0,1.0,0.0
1.0,4.0,500000.0,4.0,1.0,1.0,3.0,3.0,2.62,143.46,0.0,1.52,6429.0,0.0,0.0,0.0,1.0,0.0
1.0,2.0,175000.0,4.0,1.0,1.0,3.0,2.0,2.55,357.91,2.0,23.81,15003.0,1.0,0.0,0.0,0.0,0.0
1.0,6.0,125000.0,2.0,1.0,1.0,1.0,3.0,2.85,91.66,0.0,18.13,5201.0,0.0,0.0,0.0,1.0,0.0
1.0,3.0,125000.0,4.0,1.0,1.0,3.0,2.0,-0.41,268.98,1.0,8.21,7158.0,0.0,0.0,0.0,1.0,0.0
1.0,5.0,275000.0,3.0,1.0,1.0,2.0,2.0,2.69,398.94,1.0,46.05,25500.0,0.0,0.0,0.0,1.0,0.0
1.0,7.0,75000.0,4.0,1.0,1.0,2.0,3.0,-2.42,232.9,1.0,3.98,2272.0,0.0,1.0,0.0,0.0,0.0
1.0,4.0,50000.0,4.0,0.0,1.0,4.0,3.0,-2.72,203.57,1.0,14.61,16785.0,0.0,0.0,0.0,1.0,0.0
1.0,3.0,125000.0,3.0,1.0,1.0,2.0,2.0,2.42,288.54,1.0,0.81,12000.0,1.0,0.0,0.0,0.0,0.0
1.0,5.0,175000.0,4.0,1.0,1.0,4.0,2.0,1.8,442.02,4.0,11.67,7059.0,0.0,0.0,0.0,1.0,0.0
1.0,3.0,275000.0,3.0,1.0,1.0,4.0,3.0,-2.83,142.72,0.0,2.21,11274.0,0.0,0.0,0.0,1.0,0.0
1.0,5.0,500000.0,4.0,1.0,1.0,4.0,4.0,-0.93,336.94,1.0,11.18,7745.0,0.0,0.0,0.0,1.0,0.0
0.0,4.0,225000.0,4.0,1.0,1.0,6.0,3.0,-1.78,339.38,1.0,8.34,6361.0,0.0,0.0,0.0,1.0,0.0
1.0,6.0,275000.0,4.0,1.0,1.0,2.0,3.0,0.0,114.93,0.0,19.22,12114.0,1.0,0.0,0.0,0.0,0.0
0.0,5.0,125000.0,2.0,0.0,1.0,2.0,3.0,2.4,403.71,1.0,16.77,12000.0,0.0,0.0,1.0,0.0,0.0
1.0,6.0,175000.0,2.0,0.0,0.0,2.0,2.0,2.66,220.51,2.0,12.69,8436.0,0.0,0.0,0.0,1.0,0.0
1.0,2.0,175000.0,3.0,1.0,0.0,2.0,3.0,-2.73,265.59,2.0,9.7,11200.0,0.0,0.0,0.0,1.0,0.0
1.0,6.0,75000.0,4.0,1.0,1.0,4.0,3.0,2.1,1136.57,4.0,3.82,9245.0,0.0,0.0,1.0,0.0,0.0
1.0,4.0,175000.0,3.0,1.0,1.0,4.0,4.0,0.51,330.72,1.0,9.78,8000.0,0.0,0.0,1.0,0.0,0.0
1.0,5.0,125000.0,2.0,1.0,1.0,2.0,3.0,2.61,339.29,1.0,11.17,16500.0,0.0,0.0,0.0,1.0,0.0
1.0,3.0,325000.0,3.0,1.0,1.0,3.0,1.0,2.85,123.26,0.0,28.17,12884.0,0.0,0.0,0.0,1.0,0.0
0.0,4.0,275000.0,3.0,1.0,1.0,2.0,2.0,2.74,73.25,0.0,31.05,13582.0,0.0,0.0,0.0,1.0,0.0
1.0,3.0,225000.0,2.0,1.0,1.0,2.0,2.0,2.77,745.91,1.0,0.69,3819.0,0.0,0.0,0.0,1.0,0.0
1.0,7.0,500000.0,4.0,1.0,1.0,2.0,2.0,2.7,45.9,0.0,7.37,6462.0,0.0,0.0,0.0,1.0,0.0
1.0,5.0,275000.0,4.0,1.0,1.0,3.0,4.0,2.46,871.15,1.0,17.97,10364.0,0.0,0.0,0.0,1.0,0.0
1.0,4.0,275000.0,4.0,1.0,1.0,2.0,3.0,2.11,317.15,1.0,2.71,3333.0,0.0,0.0,0.0,1.0,0.0
0.0,6.0,75000.0,3.0,1.0,1.0,2.0,2.0,2.86,640.84,4.0,4.62,6000.0,0.0,1.0,0.0,0.0,0.0
1.0,4.0,175000.0,3.0,1.0,1.0,4.0,2.0,-0.64,128.77,0.0,3.36,34000.0,0.0,0.0,0.0,1.0,0.0
1.0,6.0,325000.0,4.0,1.0,1.0,2.0,2.0,2.82,439.88,1.0,17.42,14518.0,0.0,0.0,0.0,1.0,0.0
1.0,5.0,275000.0,2.0,0.0,0.0,2.0,2.0,2.9,202.6,2.0,4.92,4326.0,0.0,0.0,0.0,1.0,0.0
0.0,5.0,275000.0,3.0,1.0,1.0,3.0,2.0,2.96,111.08,0.0,20.51,9390.0,0.0,0.0,0.0,1.0,0.0
0.0,3.0,375000.0,3.0,1.0,1.0,2.0,3.0,0.0,669.39,1.0,11.41,12000.0,0.0,0.0,0.0,1.0,0.0
1.0,4.0,175000.0,4.0,1.0,1.0,4.0,3.0,2.13,254.84,1.0,37.74,6425.0,0.0,0.0,1.0,0.0,0.0
1.0,4.0,175000.0,4.0,1.0,1.0,4.0,4.0,-2.17,1014.17,1.0,13.36,7067.0,1.0,0.0,0.0,0.0,0.0
1.0,6.0,500000.0,4.0,1.0,0.0,2.0,2.0,2.72,373.85,3.0,54.53,160212.0,0.0,0.0,0.0,1.0,0.0
0.0,5.0,75000.0,4.0,1.0,1.0,3.0,2.0,2.85,279.29,3.0,0.34,11823.0,0.0,0.0,0.0,1.0,0.0
1.0,4.0,275000.0,4.0,0.0,0.0,5.0,3.0,-2.86,120.58,0.0,5.74,6768.0,1.0,0.0,0.0,0.0,0.0
0.0,5.0,225000.0,3.0,1.0,1.0,2.0,3.0,2.65,780.08,1.0,8.75,5538.0,0.0,0.0,1.0,0.0,0.0
0.0,5.0,275000.0,4.0,1.0,1.0,2.0,2.0,2.78,169.29,0.0,34.84,16122.0,0.0,0.0,0.0,1.0,0.0
1.0,7.0,175000.0,4.0,1.0,1.0,2.0,2.0,2.21,362.14,1.0,8.52,5400.0,0.0,0.0,1.0,0.0,0.0
0.0,4.0,175000.0,3.0,0.0,1.0,2.0,3.0,2.71,418.91,1.0,3.35,3360.0,0.0,0.0,0.0,1.0,0.0
1.0,4.0,175000.0,4.0,1.0,1.0,4.0,3.0,-1.47,320.16,1.0,15.38,8288.0,1.0,0.0,0.0,0.0,0.0
1.0,5.0,175000.0,3.0,1.0,1.0,3.0,3.0,2.81,549.42,10.0,92.25,15429.0,0.0,0.0,0.0,1.0,0.0
1.0,3.0,225000.0,4.0,1.0,1.0,4.0,3.0,-3.0,388.31,1.0,24.94,20400.0,0.0,0.0,0.0,1.0,0.0
0.0,5.0,375000.0,4.0,1.0,1.0,3.0,4.0,2.2,1297.73,6.0,2.61,98746.0,0.0,0.0,0.0,1.0,0.0
1.0,6.0,75000.0,4.0,1.0,1.0,2.0,2.0,2.28,450.66,1.0,7.06,9750.0,0.0,0.0,0.0,1.0,0.0
0.0,6.0,75000.0,3.0,1.0,1.0,1.0,1.0,2.5,987.36,10.0,11.61,12757.0,0.0,0.0,0.0,1.0,0.0
1.0,4.0,275000.0,4.0,1.0,1.0,4.0,3.0,1.24,182.64,0.0,24.37,11227.0,0.0,0.0,0.0,1.0,0.0
1.0,5.0,175000.0,4.0,1.0,1.0,5.0,4.0,2.59,344.01,1.0,29.73,20280.0,0.0,0.0,0.0,1.0,0.0
0.0,2.0,175000.0,3.0,1.0,1.0,5.0,5.0,2.9,797.29,1.0,29.74,12900.0,0.0,0.0,0.0,1.0,0.0
1.0,7.0,125000.0,4.0,1.0,1.0,2.0,2.0,2.69,542.44,1.0,50.73,3536.0,1.0,0.0,0.0,0.0,0.0
1.0,6.0,175000.0,2.0,1.0,1.0,10.0,5.0,2.83,76.94,0.0,35.36,30000.0,0.0,0.0,1.0,0.0,0.0
1.0,4.0,225000.0,4.0,1.0,0.0,2.0,2.0,2.52,296.37,1.0,3.37,4125.0,0.0,0.0,1.0,0.0,0.0
1.0,5.0,225000.0,3.0,1.0,1.0,4.0,4.0,2.78,138.38,0.0,6.44,6000.0,0.0,0.0,1.0,0.0,0.0
1.0,3.0,500000.0,3.0,1.0,1.0,4.0,2.0,2.36,195.74,0.0,26.28,12655.0,0.0,0.0,1.0,0.0,0.0
1.0,4.0,500000.0,4.0,1.0,1.0,4.0,3.0,2.84,234.22,1.0,21.35,11707.0,0.0,0.0,0.0,1.0,0.0
0.0,4.0,125000.0,2.0,1.0,1.0,5.0,3.0,2.82,331.05,1.0,2.89,12000.0,0.0,0.0,0.0,1.0,0.0
1.0,3.0,75000.0,3.0,1.0,0.0,1.0,1.0,0.16,265.21,3.0,27.15,29400.0,0.0,0.0,0.0,1.0,0.0
1.0,4.0,175000.0,3.0,1.0,1.0,5.0,5.0,2.75,315.44,6.0,8.99,18360.0,0.0,0.0,0.0,1.0,0.0
0.0,6.0,225000.0,4.0,1.0,1.0,2.0,3.0,2.76,80.51,0.0,26.33,11250.0,0.0,0.0,0.0,1.0,0.0
1.0,4.0,225000.0,4.0,1.0,0.0,4.0,2.0,2.62,806.71,1.0,0.01,4880.0,0.0,0.0,0.0,1.0,0.0
1.0,8.0,50000.0,3.0,1.0,0.0,2.0,1.0,2.69,1568.75,2.0,6.93,11695.0,0.0,0.0,0.0,1.0,0.0
1.0,3.0,275000.0,4.0,1.0,1.0,4.0,2.0,2.59,314.21,5.0,7.64,13059.0,0.0,0.0,0.0,1.0,0.0
1.0,4.0,500000.0,4.0,1.0,1.0,2.0,3.0,1.36,168.19,0.0,25.35,12900.0,0.0,0.0,0.0,1.0,0.0
1.0,4.0,125000.0,3.0,0.0,0.0,2.0,2.0,2.62,86.02,0.0,9.08,14935.0,0.0,0.0,0.0,1.0,0.0
0.0,3.0,225000.0,4.0,1.0,1.0,2.0,3.0,2.51,191.12,0.0,19.93,12857.0,0.0,0.0,0.0,1.0,0.0
1.0,3.0,225000.0,4.0,1.0,1.0,4.0,3.0,-3.0,358.14,1.0,25.31,14400.0,1.0,0.0,0.0,0.0,0.0
0.0,3.0,175000.0,3.0,0.0,1.0,2.0,2.0,2.74,113.05,0.0,10.12,6000.0,0.0,0.0,0.0,1.0,0.0
1.0,5.0,275000.0,3.0,1.0,1.0,4.0,5.0,0.0,164.49,0.0,59.97,26412.0,0.0,0.0,0.0,1.0,0.0
1.0,4.0,175000.0,3.0,1.0,1.0,4.0,3.0,2.81,476.97,2.0,10.05,5471.0,0.0,0.0,1.0,0.0,0.0
1.0,4.0,125000.0,2.0,1.0,1.0,7.0,4.0,0.75,307.46,1.0,1.17,19575.0,0.0,0.0,0.0,1.0,0.0
0.0,4.0,225000.0,4.0,1.0,1.0,4.0,2.0,2.73,351.24,1.0,11.97,9709.0,0.0,0.0,1.0,0.0,0.0
1.0,3.0,225000.0,4.0,1.0,1.0,4.0,2.0,-2.88,359.45,1.0,26.97,13000.0,0.0,0.0,0.0,1.0,0.0
1.0,4.0,75000.0,2.0,0.0,0.0,1.0,1.0,2.66,223.17,5.0,3.78,13874.0,0.0,0.0,1.0,0.0,0.0
1.0,4.0,175000.0,4.0,1.0,1.0,4.0,3.0,-0.01,525.68,1.0,21.17,15540.0,0.0,0.0,1.0,0.0,0.0
1.0,3.0,175000.0,3.0,1.0,0.0,3.0,3.0,1.07,420.0,1.0,70.87,36852.0,0.0,0.0,0.0,1.0,0.0
1.0,4.0,500000.0,3.0,1.0,1.0,3.0,2.0,2.74,289.32,5.0,24.74,24000.0,1.0,0.0,0.0,0.0,0.0
0.0,6.0,225000.0,3.0,1.0,1.0,2.0,2.0,2.78,447.93,1.0,56.01,14534.0,1.0,0.0,0.0,0.0,0.0
1.0,5.0,500000.0,4.0,1.0,1.0,5.0,3.0,-3.0,132.37,0.0,2.7,6000.0,0.0,0.0,0.0,1.0,0.0
1.0,4.0,175000.0,4.0,1.0,1.0,4.0,2.0,2.61,247.29,1.0,27.2,216828.0,0.0,0.0,0.0,1.0,0.0
1.0,6.0,125000.0,4.0,1.0,1.0,2.0,3.0,2.86,349.26,1.0,8.0,5143.0,0.0,0.0,1.0,0.0,0.0
1.0,6.0,500000.0,3.0,1.0,1.0,4.0,4.0,2.47,506.14,5.0,23.49,12467.0,0.0,0.0,0.0,1.0,0.0
0.0,2.0,125000.0,3.0,1.0,1.0,3.0,2.0,1.24,375.89,1.0,8.28,36000.0,0.0,0.0,0.0,1.0,0.0
1.0,5.0,275000.0,3.0,1.0,1.0,3.0,2.0,2.68,100.0,0.0,29.82,12708.0,0.0,1.0,0.0,0.0,0.0
0.0,3.0,50000.0,3.0,1.0,1.0,5.0,3.0,2.95,510.34,1.0,17.57,11851.0,0.0,0.0,0.0,1.0,0.0
1.0,4.0,175000.0,3.0,1.0,0.0,5.0,2.0,2.74,950.69,10.0,0.79,24923.0,0.0,1.0,0.0,0.0,0.0
0.0,4.0,175000.0,3.0,1.0,1.0,4.0,4.0,2.74,339.09,1.0,17.5,13092.0,1.0,0.0,0.0,0.0,0.0
1.0,3.0,75000.0,4.0,1.0,0.0,2.0,2.0,1.07,313.97,2.0,8.65,11351.0,0.0,0.0,0.0,1.0,0.0
1.0,3.0,500000.0,3.0,1.0,1.0,2.0,1.0,2.78,115.43,0.0,14.99,6806.0,0.0,0.0,0.0,1.0,0.0
1.0,5.0,75000.0,3.0,1.0,1.0,4.0,5.0,2.66,886.22,10.0,7.39,13895.0,0.0,0.0,0.0,1.0,0.0
1.0,4.0,425000.0,4.0,1.0,1.0,4.0,2.0,2.53,216.58,1.0,17.29,12727.0,0.0,0.0,0.0,1.0,0.0
1.0,4.0,125000.0,4.0,1.0,1.0,5.0,3.0,2.47,541.18,1.0,21.27,21391.0,0.0,0.0,0.0,1.0,0.0
1.0,4.0,175000.0,3.0,1.0,1.0,2.0,2.0,2.76,216.58,6.0,15.29,9333.0,0.0,0.0,1.0,0.0,0.0
1.0,4.0,425000.0,3.0,1.0,1.0,4.0,2.0,2.65,503.55,1.0,43.22,16000.0,0.0,0.0,0.0,1.0,0.0
1.0,6.0,125000.0,4.0,1.0,1.0,2.0,2.0,2.66,917.87,5.0,16.8,14564.0,0.0,0.0,0.0,1.0,0.0
1.0,5.0,325000.0,4.0,1.0,1.0,5.0,5.0,1.59,1036.18,1.0,28.39,12375.0,0.0,0.0,0.0,1.0,0.0
0.0,3.0,175000.0,4.0,1.0,1.0,3.0,2.0,2.55,348.89,1.0,5.49,5143.0,0.0,0.0,0.0,1.0,0.0
0.0,5.0,275000.0,3.0,1.0,1.0,2.0,2.0,2.65,277.09,1.0,14.06,10320.0,0.0,0.0,0.0,1.0,0.0
0.0,5.0,225000.0,3.0,1.0,1.0,4.0,2.0,2.62,62.74,0.0,26.96,21000.0,0.0,0.0,0.0,1.0,0.0
1.0,6.0,75000.0,2.0,1.0,1.0,2.0,2.0,2.95,131.5,0.0,9.44,13200.0,0.0,0.0,0.0,1.0,0.0
1.0,6.0,275000.0,3.0,1.0,1.0,4.0,3.0,-1.55,495.75,1.0,23.97,41172.0,0.0,0.0,0.0,1.0,0.0
1.0,6.0,125000.0,2.0,1.0,0.0,2.0,3.0,1.53,220.44,3.0,0.56,6000.0,1.0,0.0,0.0,0.0,0.0
1.0,2.0,50000.0,4.0,0.0,0.0,1.0,2.0,0.78,385.79,2.0,2.57,6429.0,0.0,0.0,0.0,1.0,0.0
0.0,6.0,125000.0,2.0,1.0,1.0,2.0,3.0,2.79,141.1,0.0,17.44,7892.0,0.0,1.0,0.0,0.0,0.0
1.0,5.0,225000.0,4.0,1.0,1.0,3.0,3.0,2.64,123.89,0.0,28.26,37200.0,0.0,0.0,0.0,1.0,0.0
1.0,4.0,500000.0,4.0,1.0,0.0,4.0,2.0,2.61,250.18,1.0,24.48,13067.0,1.0,0.0,0.0,0.0,0.0
1.0,3.0,275000.0,4.0,1.0,1.0,4.0,2.0,2.65,447.36,4.0,14.83,11482.0,0.0,0.0,0.0,1.0,0.0
0.0,7.0,75000.0,4.0,1.0,1.0,2.0,2.0,2.55,807.66,1.0,6.09,6076.0,0.0,0.0,0.0,1.0,0.0
1.0,5.0,225000.0,3.0,1.0,1.0,3.0,3.0,-2.93,131.53,0.0,7.2,8000.0,0.0,0.0,0.0,1.0,0.0
1.0,4.0,175000.0,4.0,1.0,1.0,2.0,3.0,1.33,377.73,1.0,30.55,2824.0,1.0,0.0,0.0,0.0,0.0
0.0,6.0,125000.0,4.0,1.0,1.0,2.0,5.0,2.79,1135.47,10.0,8.35,21231.0,0.0,0.0,1.0,0.0,0.0
0.0,4.0,275000.0,3.0,1.0,1.0,2.0,3.0,0.17,409.32,1.0,5.38,3840.0,0.0,0.0,0.0,1.0,0.0
0.0,5.0,325000.0,3.0,1.0,1.0,3.0,3.0,0.41,161.33,0.0,13.43,13046.0,0.0,0.0,1.0,0.0,0.0
1.0,6.0,125000.0,4.0,1.0,1.0,2.0,2.0,2.96,307.46,1.0,1.19,10592.0,0.0,0.0,1.0,0.0,0.0
1.0,6.0,125000.0,3.0,1.0,1.0,2.0,3.0,1.34,739.55,7.0,4.09,13333.0,0.0,0.0,0.0,1.0,0.0
1.0,2.0,225000.0,2.0,1.0,1.0,4.0,5.0,-1.67,342.49,6.0,7.77,15120.0,0.0,0.0,0.0,1.0,0.0
1.0,3.0,275000.0,3.0,1.0,0.0,2.0,2.0,1.75,663.76,1.0,6.29,9000.0,0.0,0.0,1.0,0.0,0.0
1.0,3.0,125000.0,4.0,0.0,0.0,2.0,2.0,2.64,389.69,1.0,3.06,12000.0,0.0,0.0,0.0,1.0,0.0
1.0,6.0,225000.0,4.0,1.0,1.0,2.0,3.0,-3.0,2032.76,1.0,23.0,6400.0,1.0,0.0,0.0,0.0,0.0
1.0,3.0,175000.0,4.0,0.0,1.0,5.0,2.0,2.55,356.21,1.0,17.62,13059.0,0.0,0.0,0.0,1.0,0.0
0.0,6.0,425000.0,4.0,1.0,1.0,4.0,3.0,1.45,377.87,1.0,9.51,5979.0,0.0,0.0,0.0,1.0,0.0
1.0,4.0,225000.0,2.0,1.0,1.0,4.0,3.0,0.49,455.03,1.0,8.11,8444.0,0.0,1.0,0.0,0.0,0.0
1.0,7.0,125000.0,3.0,1.0,1.0,1.0,2.0,1.62,256.82,20.0,111.32,12644.0,0.0,0.0,0.0,1.0,0.0
1.0,4.0,175000.0,4.0,1.0,1.0,2.0,2.0,0.27,574.34,1.0,7.58,9200.0,0.0,0.0,0.0,1.0,0.0
1.0,3.0,50000.0,2.0,1.0,0.0,4.0,2.0,2.55,387.89,1.0,27.82,22400.0,0.0,1.0,0.0,0.0,0.0
0.0,6.0,75000.0,2.0,1.0,0.0,3.0,2.0,0.0,495.01,3.0,0.36,15583.0,0.0,0.0,1.0,0.0,0.0
1.0,3.0,225000.0,4.0,1.0,1.0,4.0,2.0,1.74,305.11,1.0,19.87,9600.0,1.0,0.0,0.0,0.0,0.0
1.0,4.0,500000.0,4.0,1.0,1.0,5.0,3.0,1.72,375.96,12.0,11.36,11400.0,0.0,0.0,0.0,1.0,0.0
1.0,6.0,375000.0,4.0,1.0,1.0,2.0,3.0,2.78,141.37,0.0,27.22,17316.0,0.0,0.0,0.0,1.0,0.0
1.0,5.0,75000.0,2.0,0.0,1.0,1.0,1.0,2.44,115.4,0.0,16.66,9273.0,0.0,0.0,0.0,1.0,0.0
1.0,6.0,125000.0,3.0,1.0,1.0,2.0,2.0,2.64,736.54,2.0,48.39,8197.0,0.0,0.0,1.0,0.0,0.0
1.0,5.0,175000.0,4.0,1.0,1.0,5.0,4.0,2.58,240.01,1.0,10.39,10800.0,1.0,0.0,0.0,0.0,0.0
1.0,4.0,500000.0,4.0,1.0,1.0,4.0,5.0,2.54,253.0,1.0,14.18,8870.0,0.0,0.0,0.0,1.0,0.0
1.0,6.0,375000.0,4.0,1.0,1.0,4.0,5.0,2.6,746.68,4.0,16.57,6805.0,0.0,0.0,1.0,0.0,0.0
0.0,2.0,125000.0,3.0,0.0,0.0,2.0,2.0,-1.35,360.11,1.0,16.81,7704.0,0.0,0.0,1.0,0.0,0.0
1.0,4.0,175000.0,4.0,1.0,1.0,2.0,2.0,2.74,89.56,0.0,9.67,9196.0,0.0,0.0,1.0,0.0,0.0
0.0,4.0,125000.0,4.0,1.0,1.0,4.0,3.0,2.98,404.39,1.0,10.52,8400.0,0.0,0.0,1.0,0.0,0.0
1.0,6.0,125000.0,4.0,1.0,1.0,4.0,4.0,2.96,305.58,1.0,45.91,21000.0,0.0,0.0,1.0,0.0,0.0
0.0,6.0,375000.0,4.0,1.0,1.0,2.0,3.0,2.9,383.11,1.0,6.23,4200.0,0.0,1.0,0.0,0.0,0.0
1.0,5.0,325000.0,3.0,1.0,1.0,2.0,2.0,2.66,448.82,1.0,17.87,15281.0,1.0,0.0,0.0,0.0,0.0
1.0,5.0,225000.0,3.0,1.0,1.0,5.0,2.0,2.77,408.3,1.0,1.13,5000.0,0.0,0.0,1.0,0.0,0.0
1.0,6.0,175000.0,2.0,1.0,1.0,3.0,3.0,2.77,390.85,1.0,18.36,12472.0,0.0,0.0,0.0,1.0,0.0
1.0,4.0,225000.0,3.0,1.0,1.0,4.0,3.0,2.73,166.0,0.0,2.29,6667.0,0.0,0.0,0.0,1.0,0.0
0.0,5.0,175000.0,4.0,1.0,1.0,2.0,2.0,2.81,379.92,1.0,34.61,11571.0,1.0,0.0,0.0,0.0,0.0
1.0,7.0,75000.0,3.0,1.0,1.0,2.0,2.0,2.61,382.27,4.0,5.38,10330.0,0.0,0.0,1.0,0.0,0.0
1.0,5.0,275000.0,4.0,1.0,1.0,3.0,2.0,1.22,355.48,1.0,32.04,21231.0,0.0,0.0,1.0,0.0,0.0
1.0,7.0,425000.0,3.0,1.0,0.0,2.0,2.0,2.8,407.75,4.0,32.39,19279.0,0.0,0.0,1.0,0.0,0.0
1.0,7.0,75000.0,4.0,1.0,1.0,2.0,2.0,2.3,405.43,15.0,29.29,12155.0,0.0,0.0,0.0,1.0,0.0
1.0,2.0,125000.0,4.0,1.0,1.0,4.0,2.0,2.74,376.59,1.0,10.65,8000.0,0.0,0.0,0.0,1.0,0.0
1.0,4.0,125000.0,3.0,1.0,1.0,6.0,2.0,-2.05,270.51,5.0,13.28,12272.0,0.0,0.0,0.0,1.0,0.0
1.0,5.0,500000.0,4.0,1.0,1.0,4.0,4.0,-1.83,315.45,6.0,89.91,10551.0,0.0,0.0,1.0,0.0,0.0
1.0,3.0,125000.0,3.0,1.0,1.0,4.0,3.0,0.0,375.06,1.0,11.33,10154.0,0.0,0.0,0.0,1.0,0.0
1.0,4.0,175000.0,4.0,1.0,1.0,4.0,2.0,2.76,138.6,0.0,4.42,17000.0,0.0,1.0,0.0,0.0,0.0
1.0,5.0,75000.0,3.0,0.0,0.0,1.0,2.0,2.82,206.73,1.0,44.75,19200.0,0.0,0.0,1.0,0.0,0.0
0.0,6.0,175000.0,4.0,1.0,1.0,2.0,2.0,0.0,219.78,3.0,30.63,5455.0,0.0,0.0,0.0,1.0,0.0
1.0,5.0,225000.0,2.0,1.0,1.0,3.0,3.0,2.96,132.34,0.0,19.93,11673.0,0.0,0.0,1.0,0.0,0.0
1.0,6.0,75000.0,2.0,1.0,1.0,2.0,3.0,2.84,418.15,2.0,17.24,11794.0,0.0,0.0,0.0,1.0,0.0
0.0,3.0,125000.0,3.0,1.0,1.0,4.0,2.0,-2.5,310.84,1.0,21.49,15273.0,0.0,0.0,0.0,1.0,0.0
0.0,7.0,75000.0,3.0,1.0,0.0,1.0,1.0,2.74,113.35,0.0,36.34,8498.0,0.0,0.0,0.0,1.0,0.0
1.0,7.0,275000.0,4.0,1.0,1.0,2.0,2.0,2.71,78.5,0.0,11.17,6000.0,0.0,0.0,0.0,1.0,0.0
1.0,7.0,275000.0,4.0,1.0,1.0,2.0,2.0,2.69,319.06,5.0,199.2,15051.0,0.0,0.0,0.0,1.0,0.0
1.0,6.0,175000.0,3.0,1.0,0.0,2.0,1.0,2.78,413.63,4.0,3.56,9353.0,0.0,0.0,1.0,0.0,0.0
1.0,3.0,175000.0,4.0,1.0,1.0,3.0,2.0,2.58,231.29,1.0,6.18,4500.0,0.0,0.0,0.0,1.0,0.0
1.0,5.0,225000.0,2.0,1.0,1.0,3.0,2.0,2.73,321.6,1.0,1.38,19176.0,0.0,0.0,0.0,1.0,0.0
0.0,5.0,500000.0,4.0,1.0,1.0,4.0,4.0,2.75,134.58,0.0,7.43,10400.0,0.0,0.0,0.0,0.0,1.0
1.0,6.0,225000.0,4.0,1.0,1.0,4.0,3.0,0.0,246.9,1.0,2.16,14500.0,0.0,0.0,0.0,1.0,0.0
0.0,6.0,325000.0,4.0,1.0,1.0,4.0,4.0,2.97,903.31,1.0,11.92,12000.0,1.0,0.0,0.0,0.0,0.0
1.0,3.0,175000.0,3.0,1.0,1.0,5.0,3.0,0.89,204.39,1.0,11.04,7714.0,0.0,0.0,0.0,1.0,0.0
0.0,5.0,325000.0,3.0,1.0,1.0,2.0,2.0,0.31,327.94,1.0,30.47,26000.0,0.0,0.0,0.0,1.0,0.0
1.0,3.0,75000.0,4.0,1.0,1.0,7.0,3.0,1.96,900.47,50.0,6.76,6500.0,0.0,0.0,1.0,0.0,0.0
1.0,3.0,50000.0,3.0,1.0,0.0,2.0,1.0,2.54,1814.62,3.0,2.71,11340.0,0.0,0.0,0.0,1.0,0.0
1.0,5.0,125000.0,4.0,1.0,1.0,4.0,4.0,2.65,387.2,1.0,8.75,19500.0,0.0,0.0,1.0,0.0,0.0
0.0,5.0,175000.0,4.0,1.0,1.0,2.0,2.0,2.45,235.78,3.0,2.51,9663.0,0.0,0.0,1.0,0.0,0.0
1.0,5.0,225000.0,3.0,1.0,1.0,3.0,3.0,2.8,179.31,0.0,20.04,8629.0,0.0,0.0,0.0,0.0,1.0
1.0,5.0,225000.0,3.0,1.0,1.0,4.0,3.0,2.78,416.8,4.0,15.38,24000.0,0.0,0.0,1.0,0.0,0.0
1.0,7.0,175000.0,3.0,1.0,1.0,2.0,2.0,2.61,190.27,0.0,2.29,9491.0,0.0,0.0,1.0,0.0,0.0
1.0,4.0,375000.0,3.0,1.0,1.0,4.0,3.0,2.94,347.41,1.0,6.4,13354.0,0.0,1.0,0.0,0.0,0.0
1.0,4.0,325000.0,3.0,1.0,1.0,3.0,2.0,2.98,353.34,1.0,41.42,19714.0,0.0,0.0,0.0,1.0,0.0
1.0,3.0,125000.0,2.0,0.0,1.0,3.0,3.0,2.62,237.87,1.0,1.68,6074.0,0.0,0.0,0.0,1.0,0.0
0.0,3.0,225000.0,3.0,1.0,1.0,3.0,2.0,2.72,758.57,10.0,19.0,25091.0,0.0,0.0,1.0,0.0,0.0
1.0,5.0,175000.0,3.0,1.0,0.0,3.0,3.0,2.59,75.11,0.0,34.1,156000.0,0.0,0.0,0.0,1.0,0.0
0.0,3.0,125000.0,4.0,1.0,1.0,1.0,2.0,2.89,371.59,2.0,1.72,22500.0,0.0,0.0,0.0,1.0,0.0
1.0,6.0,325000.0,3.0,1.0,1.0,3.0,3.0,2.71,286.52,1.0,11.27,6519.0,0.0,0.0,1.0,0.0,0.0
0.0,4.0,75000.0,4.0,1.0,1.0,1.0,2.0,2.53,384.67,1.0,0.01,9528.0,0.0,0.0,0.0,1.0,0.0
1.0,5.0,325000.0,3.0,1.0,1.0,4.0,4.0,2.69,183.72,0.0,30.12,15878.0,0.0,0.0,0.0,1.0,0.0
1.0,5.0,50000.0,2.0,1.0,1.0,2.0,4.0,2.56,383.22,6.0,7.72,21818.0,0.0,0.0,1.0,0.0,0.0
1.0,3.0,175000.0,3.0,1.0,1.0,3.0,2.0,2.59,437.91,12.0,3.89,10745.0,1.0,0.0,0.0,0.0,0.0
1.0,6.0,175000.0,3.0,1.0,1.0,2.0,2.0,2.93,122.61,0.0,15.32,11033.0,0.0,0.0,0.0,1.0,0.0
0.0,4.0,125000.0,4.0,1.0,1.0,6.0,2.0,1.61,372.69,3.0,34.77,23200.0,0.0,0.0,0.0,1.0,0.0
0.0,3.0,275000.0,2.0,1.0,1.0,4.0,1.0,2.01,483.35,6.0,0.94,23139.0,0.0,0.0,0.0,1.0,0.0
0.0,5.0,125000.0,3.0,1.0,1.0,3.0,2.0,2.84,162.79,0.0,22.72,12298.0,0.0,0.0,0.0,1.0,0.0
1.0,6.0,375000.0,3.0,1.0,1.0,3.0,4.0,2.59,165.24,0.0,16.83,12258.0,0.0,0.0,1.0,0.0,0.0
1.0,4.0,125000.0,4.0,1.0,1.0,1.0,3.0,-0.79,205.09,4.0,14.81,9203.0,0.0,0.0,0.0,1.0,0.0
1.0,5.0,500000.0,4.0,1.0,1.0,3.0,3.0,2.64,276.96,10.0,30.49,21333.0,0.0,0.0,0.0,1.0,0.0
1.0,3.0,175000.0,4.0,1.0,1.0,5.0,3.0,0.0,965.85,1.0,21.2,11550.0,0.0,0.0,0.0,1.0,0.0
1.0,5.0,125000.0,4.0,1.0,1.0,3.0,4.0,-3.0,356.76,3.0,68.31,30539.0,0.0,1.0,0.0,0.0,0.0
0.0,3.0,175000.0,3.0,1.0,1.0,2.0,2.0,2.89,330.86,1.0,20.62,24972.0,0.0,0.0,0.0,1.0,0.0
1.0,7.0,225000.0,4.0,0.0,0.0,1.0,1.0,1.41,553.6,1.0,5.89,10150.0,1.0,0.0,0.0,0.0,0.0
1.0,3.0,175000.0,3.0,1.0,0.0,2.0,2.0,2.67,2759.9,5.0,23.41,15857.0,0.0,0.0,0.0,1.0,0.0
0.0,3.0,175000.0,3.0,0.0,0.0,3.0,1.0,1.57,422.18,12.0,4.45,12000.0,0.0,0.0,0.0,1.0,0.0
1.0,6.0,225000.0,3.0,1.0,1.0,2.0,2.0,-2.85,858.47,16.0,14.87,24000.0,0.0,1.0,0.0,0.0,0.0
1.0,6.0,125000.0,4.0,1.0,1.0,4.0,4.0,2.86,847.22,1.0,11.4,10179.0,0.0,0.0,1.0,0.0,0.0
1.0,5.0,175000.0,3.0,1.0,1.0,1.0,2.0,2.94,90.41,0.0,3.43,5604.0,0.0,1.0,0.0,0.0,0.0
1.0,4.0,375000.0,4.0,1.0,1.0,4.0,2.0,2.25,227.62,1.0,8.31,9200.0,0.0,0.0,0.0,1.0,0.0
1.0,3.0,75000.0,4.0,1.0,0.0,1.0,2.0,2.79,102.63,0.0,17.39,13714.0,0.0,0.0,0.0,1.0,0.0
1.0,3.0,125000.0,2.0,1.0,1.0,4.0,2.0,-1.67,219.75,5.0,20.97,16000.0,0.0,0.0,0.0,1.0,0.0
1.0,7.0,75000.0,4.0,1.0,0.0,2.0,2.0,2.71,15.57,0.0,16.45,6600.0,0.0,0.0,1.0,0.0,0.0
1.0,3.0,225000.0,3.0,1.0,1.0,4.0,2.0,0.0,338.07,1.0,4.03,8027.0,0.0,0.0,0.0,1.0,0.0
1.0,7.0,125000.0,4.0,1.0,1.0,2.0,5.0,2.65,1222.08,3.0,3.62,10665.0,0.0,0.0,1.0,0.0,0.0
1.0,3.0,225000.0,4.0,1.0,1.0,3.0,2.0,2.7,342.88,6.0,27.64,126000.0,0.0,0.0,0.0,1.0,0.0
1.0,3.0,225000.0,3.0,1.0,1.0,3.0,2.0,2.81,378.98,1.0,28.87,17654.0,0.0,1.0,0.0,0.0,0.0
1.0,3.0,175000.0,4.0,1.0,1.0,8.0,2.0,-2.82,57.32,0.0,29.6,12056.0,0.0,0.0,1.0,0.0,0.0
1.0,4.0,175000.0,3.0,1.0,1.0,5.0,2.0,2.83,398.57,1.0,27.51,17625.0,0.0,0.0,0.0,1.0,0.0
1.0,4.0,275000.0,4.0,1.0,1.0,4.0,4.0,-0.7,341.93,1.0,13.41,5250.0,0.0,0.0,0.0,0.0,1.0
1.0,4.0,125000.0,4.0,1.0,1.0,4.0,2.0,1.74,390.98,6.0,22.16,58200.0,0.0,0.0,1.0,0.0,0.0
0.0,7.0,125000.0,3.0,1.0,1.0,2.0,2.0,2.76,676.69,1.0,11.71,7097.0,0.0,0.0,0.0,1.0,0.0
1.0,4.0,225000.0,4.0,1.0,1.0,5.0,5.0,1.65,1161.37,1.0,22.32,22602.0,1.0,0.0,0.0,0.0,0.0
1.0,5.0,375000.0,3.0,1.0,1.0,4.0,5.0,2.65,116.14,0.0,33.94,12545.0,0.0,0.0,0.0,1.0,0.0
0.0,5.0,75000.0,2.0,0.0,1.0,2.0,2.0,2.15,235.57,2.0,8.67,11077.0,0.0,0.0,0.0,1.0,0.0
1.0,4.0,225000.0,4.0,1.0,1.0,4.0,2.0,2.91,555.08,1.0,1.47,15273.0,0.0,0.0,0.0,1.0,0.0
1.0,4.0,500000.0,4.0,1.0,1.0,4.0,2.0,2.27,294.31,10.0,33.17,28500.0,1.0,0.0,0.0,0.0,0.0
1.0,5.0,500000.0,4.0,1.0,1.0,2.0,2.0,2.68,301.72,10.0,77.71,28920.0,0.0,0.0,1.0,0.0,0.0
0.0,3.0,75000.0,3.0,0.0,0.0,2.0,2.0,2.53,98.85,0.0,10.36,14556.0,0.0,0.0,0.0,1.0,0.0
1.0,6.0,325000.0,4.0,1.0,1.0,3.0,4.0,1.11,537.53,2.0,19.66,7246.0,0.0,0.0,1.0,0.0,0.0
1.0,5.0,175000.0,2.0,1.0,1.0,4.0,4.0,0.43,240.21,1.0,39.14,24360.0,0.0,0.0,1.0,0.0,0.0
0.0,5.0,175000.0,4.0,1.0,1.0,5.0,4.0,2.34,424.88,1.0,13.63,25200.0,0.0,0.0,0.0,1.0,0.0
1.0,4.0,225000.0,4.0,1.0,0.0,4.0,2.0,1.86,388.07,1.0,3.0,5127.0,0.0,0.0,0.0,1.0,0.0
1.0,4.0,175000.0,3.0,1.0,1.0,4.0,3.0,2.61,91.47,0.0,8.05,7978.0,1.0,0.0,0.0,0.0,0.0
1.0,4.0,500000.0,4.0,0.0,1.0,5.0,3.0,0.97,369.23,1.0,18.59,8667.0,0.0,0.0,1.0,0.0,0.0
1.0,4.0,175000.0,2.0,0.0,1.0,3.0,2.0,2.65,121.25,0.0,20.8,8400.0,1.0,0.0,0.0,0.0,0.0
0.0,2.0,225000.0,3.0,1.0,1.0,4.0,5.0,0.22,279.14,4.0,45.79,18706.0,0.0,0.0,1.0,0.0,0.0
1.0,4.0,325000.0,4.0,1.0,1.0,6.0,4.0,-3.0,414.01,1.0,14.1,9000.0,0.0,0.0,0.0,1.0,0.0
1.0,3.0,75000.0,3.0,1.0,0.0,3.0,2.0,1.01,408.56,1.0,31.61,16615.0,0.0,0.0,0.0,1.0,0.0
1.0,3.0,225000.0,4.0,0.0,0.0,2.0,2.0,2.66,368.91,1.0,15.02,13270.0,1.0,0.0,0.0,0.0,0.0
1.0,5.0,175000.0,3.0,1.0,1.0,2.0,3.0,2.53,564.55,1.0,18.35,12667.0,0.0,0.0,0.0,1.0,0.0
1.0,4.0,275000.0,4.0,1.0,1.0,3.0,3.0,2.62,486.37,1.0,2.94,14824.0,0.0,0.0,0.0,1.0,0.0
1.0,7.0,125000.0,4.0,1.0,1.0,2.0,3.0,2.65,1444.35,4.0,20.85,10328.0,0.0,0.0,0.0,1.0,0.0
1.0,6.0,50000.0,3.0,1.0,1.0,3.0,3.0,-0.98,513.33,3.0,1.79,34286.0,0.0,1.0,0.0,0.0,0.0
1.0,3.0,175000.0,3.0,1.0,1.0,4.0,2.0,1.21,111.09,0.0,24.76,15722.0,0.0,0.0,1.0,0.0,0.0
0.0,3.0,75000.0,3.0,0.0,0.0,1.0,1.0,2.85,112.77,0.0,11.0,12400.0,0.0,0.0,0.0,1.0,0.0
1.0,5.0,75000.0,2.0,1.0,1.0,4.0,3.0,-3.0,962.67,1.0,41.62,30947.0,0.0,0.0,0.0,1.0,0.0
1.0,3.0,175000.0,4.0,1.0,0.0,2.0,2.0,2.76,669.85,10.0,6.35,20400.0,0.0,0.0,0.0,1.0,0.0
1.0,6.0,500000.0,4.0,1.0,1.0,2.0,2.0,1.91,139.65,0.0,6.03,11435.0,0.0,0.0,0.0,1.0,0.0
1.0,5.0,175000.0,3.0,1.0,1.0,2.0,3.0,2.88,814.27,1.0,59.09,13371.0,1.0,0.0,0.0,0.0,0.0
0.0,4.0,75000.0,3.0,1.0,1.0,4.0,3.0,2.67,364.34,1.0,18.05,26326.0,0.0,0.0,0.0,1.0,0.0
0.0,5.0,75000.0,4.0,1.0,1.0,1.0,2.0,2.94,125.92,0.0,8.11,12000.0,0.0,0.0,0.0,1.0,0.0
1.0,4.0,225000.0,2.0,1.0,1.0,4.0,4.0,0.0,1043.26,1.0,26.81,11962.0,0.0,1.0,0.0,0.0,0.0
1.0,5.0,175000.0,3.0,1.0,1.0,4.0,2.0,-3.0,416.52,1.0,7.93,9526.0,0.0,1.0,0.0,0.0,0.0
1.0,4.0,375000.0,4.0,1.0,1.0,2.0,2.0,2.62,441.97,8.0,23.3,13412.0,0.0,0.0,0.0,1.0,0.0
1.0,6.0,225000.0,3.0,1.0,1.0,2.0,5.0,0.0,149.83,0.0,3.93,14400.0,1.0,0.0,0.0,0.0,0.0
1.0,5.0,500000.0,3.0,1.0,1.0,2.0,2.0,2.71,194.06,0.0,3.74,6800.0,0.0,0.0,1.0,0.0,0.0
1.0,7.0,175000.0,3.0,1.0,1.0,2.0,3.0,1.59,629.55,1.0,1.76,9754.0,0.0,0.0,0.0,1.0,0.0
1.0,5.0,225000.0,3.0,1.0,1.0,3.0,2.0,1.45,205.48,25.0,80.65,12667.0,0.0,0.0,0.0,1.0,0.0
1.0,6.0,175000.0,3.0,1.0,1.0,2.0,3.0,0.0,138.86,0.0,42.75,22747.0,1.0,0.0,0.0,0.0,0.0
1.0,5.0,225000.0,4.0,1.0,1.0,5.0,4.0,2.48,400.79,1.0,17.77,8500.0,0.0,1.0,0.0,0.0,0.0
1.0,5.0,225000.0,4.0,1.0,1.0,4.0,2.0,2.59,216.63,1.0,17.57,19286.0,0.0,0.0,0.0,1.0,0.0
1.0,6.0,75000.0,3.0,1.0,1.0,2.0,2.0,2.56,468.76,2.0,2.2,10211.0,0.0,0.0,0.0,1.0,0.0
1.0,7.0,75000.0,3.0,1.0,1.0,2.0,2.0,1.47,495.25,1.0,12.35,7074.0,0.0,0.0,0.0,1.0,0.0
1.0,5.0,75000.0,4.0,1.0,1.0,2.0,3.0,2.2,495.9,1.0,2.88,2688.0,0.0,0.0,0.0,1.0,0.0
1.0,3.0,500000.0,3.0,0.0,0.0,2.0,2.0,2.79,217.53,6.0,13.54,12375.0,0.0,0.0,1.0,0.0,0.0
1.0,5.0,225000.0,3.0,1.0,1.0,3.0,3.0,1.8,413.71,1.0,19.47,5613.0,1.0,0.0,0.0,0.0,0.0
1.0,5.0,175000.0,3.0,1.0,1.0,3.0,1.0,2.76,463.74,3.0,70.1,11745.0,0.0,0.0,0.0,1.0,0.0
1.0,4.0,325000.0,4.0,0.0,0.0,2.0,3.0,2.93,131.82,0.0,25.87,23423.0,0.0,0.0,1.0,0.0,0.0
1.0,3.0,50000.0,2.0,1.0,1.0,2.0,2.0,2.68,710.95,1.0,26.88,28500.0,0.0,0.0,0.0,1.0,0.0
1.0,3.0,175000.0,3.0,1.0,1.0,3.0,2.0,-0.28,331.06,5.0,25.79,13750.0,0.0,0.0,1.0,0.0,0.0
0.0,3.0,375000.0,3.0,1.0,1.0,2.0,3.0,0.59,363.63,1.0,27.73,10800.0,0.0,0.0,0.0,1.0,0.0
1.0,6.0,175000.0,3.0,1.0,1.0,1.0,2.0,0.0,123.55,0.0,32.2,15000.0,0.0,0.0,0.0,1.0,0.0
1.0,4.0,325000.0,4.0,1.0,1.0,4.0,2.0,2.68,202.89,1.0,15.53,12414.0,0.0,0.0,0.0,1.0,0.0
1.0,6.0,75000.0,2.0,1.0,1.0,4.0,5.0,2.83,77.38,0.0,5.79,6987.0,0.0,0.0,1.0,0.0,0.0
1.0,7.0,175000.0,4.0,1.0,0.0,1.0,1.0,2.53,541.47,20.0,2.86,12764.0,0.0,0.0,1.0,0.0,0.0
0.0,7.0,125000.0,4.0,1.0,1.0,2.0,3.0,2.53,120.77,0.0,3.92,4264.0,0.0,0.0,1.0,0.0,0.0
0.0,3.0,325000.0,3.0,1.0,1.0,2.0,2.0,2.37,125.3,0.0,13.72,8667.0,0.0,0.0,0.0,1.0,0.0
1.0,3.0,125000.0,2.0,1.0,1.0,2.0,4.0,1.37,166.74,0.0,33.27,10500.0,0.0,1.0,0.0,0.0,0.0
1.0,6.0,225000.0,4.0,1.0,1.0,2.0,2.0,2.34,313.88,1.0,40.24,9174.0,0.0,0.0,0.0,1.0,0.0
1.0,3.0,125000.0,3.0,1.0,1.0,3.0,1.0,2.92,167.24,0.0,29.7,23400.0,1.0,0.0,0.0,0.0,0.0
1.0,4.0,225000.0,4.0,1.0,1.0,4.0,4.0,2.63,345.98,1.0,14.0,7320.0,0.0,0.0,0.0,1.0,0.0
1.0,6.0,175000.0,3.0,1.0,1.0,2.0,2.0,2.71,85.04,0.0,12.21,10500.0,0.0,0.0,0.0,1.0,0.0
1.0,6.0,125000.0,4.0,1.0,1.0,2.0,2.0,2.65,68.11,0.0,4.7,7333.0,0.0,0.0,0.0,1.0,0.0
1.0,4.0,125000.0,4.0,1.0,1.0,2.0,5.0,2.61,433.43,1.0,32.52,33852.0,0.0,1.0,0.0,0.0,0.0
1.0,5.0,500000.0,4.0,1.0,1.0,2.0,3.0,2.22,368.07,1.0,29.56,20000.0,0.0,0.0,0.0,1.0,0.0
0.0,3.0,325000.0,4.0,0.0,0.0,2.0,1.0,0.96,215.7,4.0,17.04,16645.0,0.0,0.0,1.0,0.0,0.0
1.0,6.0,325000.0,3.0,1.0,1.0,2.0,3.0,2.25,420.96,3.0,0.73,11400.0,0.0,0.0,0.0,1.0,0.0
1.0,3.0,75000.0,2.0,1.0,0.0,2.0,2.0,1.33,353.44,1.0,28.82,11223.0,0.0,0.0,0.0,1.0,0.0
1.0,4.0,225000.0,3.0,1.0,1.0,4.0,3.0,2.53,485.82,3.0,27.91,14087.0,0.0,0.0,1.0,0.0,0.0
0.0,4.0,75000.0,3.0,1.0,1.0,4.0,3.0,2.75,327.04,4.0,21.78,20571.0,0.0,1.0,0.0,0.0,0.0
1.0,3.0,325000.0,3.0,1.0,1.0,2.0,3.0,2.71,442.46,10.0,20.28,18698.0,0.0,0.0,1.0,0.0,0.0
1.0,6.0,175000.0,4.0,0.0,0.0,2.0,1.0,2.99,685.66,2.0,46.39,37900.0,0.0,0.0,0.0,1.0,0.0
1.0,5.0,125000.0,4.0,1.0,1.0,5.0,2.0,1.35,126.5,0.0,7.78,12133.0,0.0,0.0,0.0,1.0,0.0
1.0,5.0,125000.0,4.0,1.0,1.0,2.0,2.0,0.0,288.86,9.0,23.53,20649.0,0.0,0.0,0.0,1.0,0.0
0.0,3.0,175000.0,4.0,1.0,1.0,3.0,3.0,-3.0,409.29,1.0,40.83,18667.0,0.0,1.0,0.0,0.0,0.0
1.0,4.0,325000.0,4.0,1.0,1.0,5.0,3.0,0.0,479.6,1.0,27.86,2400.0,0.0,0.0,0.0,1.0,0.0
1.0,4.0,125000.0,2.0,0.0,1.0,2.0,2.0,2.64,151.62,0.0,21.59,17800.0,0.0,0.0,0.0,1.0,0.0
0.0,6.0,325000.0,4.0,1.0,1.0,2.0,2.0,2.51,434.36,5.0,3.12,5455.0,0.0,0.0,1.0,0.0,0.0
1.0,3.0,175000.0,4.0,1.0,1.0,4.0,2.0,2.72,307.47,3.0,27.12,10364.0,0.0,1.0,0.0,0.0,0.0
1.0,5.0,175000.0,4.0,1.0,1.0,2.0,2.0,-3.0,459.47,10.0,41.78,18075.0,0.0,0.0,0.0,1.0,0.0
1.0,6.0,225000.0,4.0,1.0,1.0,2.0,4.0,-2.92,414.4,1.0,3.94,12000.0,1.0,0.0,0.0,0.0,0.0
1.0,4.0,275000.0,4.0,1.0,1.0,4.0,3.0,3.0,435.4,1.0,4.88,11520.0,0.0,0.0,0.0,1.0,0.0
0.0,2.0,50000.0,2.0,1.0,1.0,1.0,1.0,0.0,122.56,0.0,8.88,9818.0,0.0,0.0,0.0,1.0,0.0
0.0,3.0,275000.0,4.0,1.0,1.0,4.0,2.0,2.81,121.9,0.0,25.1,13200.0,0.0,0.0,0.0,1.0,0.0
0.0,7.0,425000.0,4.0,1.0,1.0,2.0,2.0,2.73,150.39,0.0,53.03,7693.0,0.0,1.0,0.0,0.0,0.0
1.0,5.0,125000.0,4.0,1.0,1.0,4.0,3.0,0.0,369.75,1.0,16.87,11200.0,0.0,0.0,0.0,1.0,0.0
1.0,4.0,275000.0,4.0,1.0,1.0,4.0,3.0,0.77,144.38,0.0,35.88,11250.0,0.0,0.0,0.0,1.0,0.0
0.0,5.0,500000.0,4.0,1.0,1.0,3.0,2.0,2.55,763.18,14.0,9.73,10667.0,0.0,1.0,0.0,0.0,0.0
1.0,3.0,500000.0,4.0,1.0,1.0,5.0,3.0,1.27,120.8,0.0,20.37,14400.0,0.0,0.0,0.0,1.0,0.0
0.0,5.0,225000.0,4.0,1.0,1.0,2.0,3.0,2.73,134.59,0.0,9.12,5357.0,0.0,0.0,1.0,0.0,0.0
1.0,5.0,275000.0,4.0,1.0,1.0,2.0,2.0,2.76,80.49,0.0,7.89,8670.0,1.0,0.0,0.0,0.0,0.0
1.0,5.0,500000.0,3.0,1.0,1.0,4.0,3.0,2.79,2032.01,2.0,5.85,9000.0,0.0,1.0,0.0,0.0,0.0
1.0,3.0,425000.0,4.0,1.0,1.0,4.0,4.0,0.68,365.51,2.0,18.64,11856.0,0.0,0.0,0.0,1.0,0.0
1.0,6.0,175000.0,4.0,1.0,1.0,2.0,2.0,2.73,215.98,1.0,2.11,6000.0,0.0,0.0,1.0,0.0,0.0
1.0,3.0,175000.0,2.0,0.0,0.0,2.0,2.0,1.04,334.41,1.0,34.5,26684.0,0.0,0.0,0.0,1.0,0.0
1.0,7.0,325000.0,3.0,1.0,1.0,4.0,3.0,-2.95,484.93,2.0,17.73,12000.0,0.0,0.0,0.0,1.0,0.0
1.0,4.0,75000.0,3.0,1.0,1.0,4.0,2.0,2.75,315.17,1.0,27.3,13633.0,0.0,0.0,1.0,0.0,0.0
0.0,5.0,50000.0,4.0,1.0,1.0,2.0,2.0,2.54,109.81,0.0,1.84,12000.0,0.0,0.0,1.0,0.0,0.0
0.0,7.0,75000.0,4.0,1.0,0.0,1.0,1.0,1.71,129.32,0.0,1.22,5961.0,1.0,0.0,0.0,0.0,0.0
0.0,3.0,175000.0,4.0,1.0,0.0,2.0,2.0,1.46,260.72,1.0,9.78,3654.0,0.0,0.0,0.0,1.0,0.0
1.0,5.0,275000.0,4.0,1.0,1.0,4.0,4.0,1.26,160.31,0.0,13.76,9536.0,1.0,0.0,0.0,0.0,0.0
0.0,5.0,125000.0,4.0,1.0,1.0,2.0,1.0,2.62,55.88,0.0,53.78,9789.0,0.0,0.0,0.0,1.0,0.0
1.0,3.0,75000.0,3.0,1.0,1.0,4.0,2.0,1.09,464.47,1.0,11.78,9700.0,0.0,0.0,0.0,1.0,0.0
1.0,3.0,175000.0,4.0,1.0,0.0,3.0,2.0,2.74,1204.82,1.0,8.89,9429.0,0.0,0.0,0.0,1.0,0.0
1.0,4.0,175000.0,3.0,1.0,1.0,3.0,4.0,2.79,103.01,0.0,26.54,14782.0,0.0,0.0,0.0,0.0,1.0
1.0,4.0,125000.0,3.0,1.0,0.0,2.0,2.0,1.56,177.55,0.0,17.14,12952.0,0.0,1.0,0.0,0.0,0.0
1.0,3.0,275000.0,4.0,0.0,0.0,2.0,2.0,2.8,2735.65,3.0,5.72,15000.0,0.0,0.0,0.0,1.0,0.0
1.0,6.0,500000.0,4.0,1.0,1.0,2.0,4.0,2.78,377.5,1.0,24.36,10543.0,0.0,0.0,0.0,1.0,0.0
1.0,5.0,125000.0,3.0,1.0,1.0,2.0,3.0,2.8,91.88,0.0,0.46,19200.0,0.0,1.0,0.0,0.0,0.0
0.0,5.0,125000.0,4.0,1.0,1.0,2.0,3.0,2.75,270.55,1.0,48.38,17706.0,1.0,0.0,0.0,0.0,0.0
0.0,7.0,500000.0,3.0,1.0,1.0,2.0,3.0,1.05,341.3,1.0,24.89,4884.0,0.0,0.0,0.0,1.0,0.0
1.0,5.0,275000.0,4.0,1.0,0.0,2.0,2.0,2.5,200.06,1.0,10.1,4506.0,0.0,0.0,0.0,1.0,0.0
1.0,5.0,325000.0,4.0,1.0,1.0,4.0,3.0,0.0,205.47,4.0,44.22,24545.0,0.0,0.0,0.0,1.0,0.0
1.0,5.0,275000.0,4.0,1.0,1.0,3.0,3.0,2.65,490.45,1.0,3.46,23544.0,0.0,0.0,0.0,1.0,0.0
1.0,5.0,175000.0,4.0,1.0,1.0,3.0,3.0,1.86,145.94,0.0,23.67,7500.0,1.0,0.0,0.0,0.0,0.0
1.0,5.0,500000.0,4.0,1.0,1.0,4.0,4.0,1.07,406.55,2.0,26.47,17000.0,0.0,0.0,0.0,1.0,0.0
1.0,4.0,125000.0,3.0,1.0,1.0,4.0,3.0,-3.0,419.02,1.0,35.6,9462.0,0.0,0.0,0.0,1.0,0.0
1.0,3.0,175000.0,2.0,1.0,1.0,2.0,2.0,2.77,308.02,2.0,48.3,20962.0,0.0,0.0,0.0,1.0,0.0
1.0,6.0,225000.0,4.0,1.0,1.0,2.0,2.0,2.64,288.15,4.0,0.64,13506.0,1.0,0.0,0.0,0.0,0.0
0.0,5.0,175000.0,3.0,1.0,1.0,2.0,3.0,2.76,376.75,1.0,16.7,14000.0,0.0,1.0,0.0,0.0,0.0
1.0,4.0,125000.0,3.0,0.0,0.0,1.0,1.0,2.83,109.78,0.0,8.61,10000.0,0.0,0.0,0.0,1.0,0.0
0.0,4.0,175000.0,4.0,1.0,0.0,5.0,2.0,2.59,393.33,1.0,6.89,6667.0,0.0,0.0,0.0,1.0,0.0
0.0,4.0,75000.0,3.0,1.0,1.0,3.0,1.0,2.88,131.03,0.0,13.62,12000.0,0.0,0.0,0.0,1.0,0.0
1.0,4.0,125000.0,3.0,1.0,1.0,1.0,1.0,2.49,121.42,0.0,17.63,10322.0,0.0,0.0,0.0,1.0,0.0
1.0,3.0,125000.0,3.0,1.0,1.0,2.0,2.0,0.86,344.65,1.0,4.25,11400.0,0.0,0.0,0.0,1.0,0.0
1.0,4.0,275000.0,3.0,1.0,1.0,3.0,2.0,-2.15,388.4,1.0,31.57,14920.0,1.0,0.0,0.0,0.0,0.0
1.0,3.0,225000.0,3.0,1.0,1.0,4.0,2.0,2.1,226.13,1.0,12.73,10680.0,0.0,0.0,0.0,1.0,0.0
1.0,5.0,75000.0,4.0,0.0,0.0,5.0,2.0,0.0,329.64,2.0,21.54,140526.0,1.0,0.0,0.0,0.0,0.0
0.0,3.0,50000.0,2.0,1.0,1.0,2.0,3.0,1.26,334.25,40.0,15.48,13846.0,0.0,0.0,0.0,1.0,0.0
0.0,5.0,125000.0,4.0,1.0,1.0,2.0,2.0,2.77,106.17,0.0,25.37,12580.0,0.0,0.0,0.0,1.0,0.0
1.0,6.0,125000.0,3.0,1.0,1.0,4.0,3.0,2.44,228.0,50.0,0.65,9330.0,0.0,0.0,1.0,0.0,0.0
0.0,4.0,275000.0,4.0,1.0,1.0,5.0,5.0,2.78,541.78,25.0,29.77,14400.0,1.0,0.0,0.0,0.0,0.0
1.0,4.0,275000.0,3.0,1.0,1.0,3.0,4.0,2.53,307.56,1.0,19.37,16847.0,0.0,0.0,1.0,0.0,0.0
1.0,4.0,225000.0,4.0,0.0,0.0,2.0,2.0,1.44,264.73,3.0,2.35,14769.0,0.0,1.0,0.0,0.0,0.0
1.0,4.0,225000.0,3.0,1.0,1.0,4.0,2.0,2.39,125.92,0.0,5.41,10646.0,1.0,0.0,0.0,0.0,0.0
1.0,5.0,125000.0,3.0,1.0,1.0,4.0,3.0,0.0,179.78,0.0,19.91,10233.0,0.0,0.0,0.0,0.0,1.0
0.0,6.0,275000.0,4.0,1.0,1.0,2.0,3.0,2.64,156.31,0.0,2.14,6171.0,0.0,0.0,0.0,1.0,0.0
1.0,6.0,275000.0,2.0,1.0,1.0,4.0,4.0,2.55,153.4,0.0,26.09,9200.0,0.0,0.0,0.0,1.0,0.0
1.0,3.0,175000.0,3.0,0.0,1.0,2.0,2.0,2.27,492.28,1.0,34.76,19708.0,0.0,0.0,1.0,0.0,0.0
1.0,4.0,225000.0,4.0,1.0,1.0,4.0,2.0,2.45,54.05,0.0,1.74,8870.0,0.0,0.0,0.0,1.0,0.0
0.0,3.0,175000.0,4.0,0.0,1.0,2.0,2.0,1.72,369.32,1.0,37.69,16000.0,0.0,0.0,0.0,1.0,0.0
0.0,4.0,75000.0,2.0,1.0,1.0,4.0,3.0,2.55,601.83,3.0,8.38,15517.0,0.0,1.0,0.0,0.0,0.0
1.0,2.0,125000.0,3.0,1.0,1.0,2.0,2.0,0.46,783.34,1.0,13.41,8979.0,0.0,0.0,0.0,1.0,0.0
1.0,5.0,425000.0,4.0,1.0,1.0,2.0,5.0,2.61,85.26,0.0,30.92,5867.0,0.0,0.0,0.0,1.0,0.0
1.0,4.0,475000.0,4.0,1.0,1.0,4.0,2.0,2.73,152.51,0.0,16.46,12581.0,0.0,0.0,1.0,0.0,0.0
1.0,6.0,175000.0,3.0,1.0,1.0,2.0,3.0,2.47,415.39,1.0,43.26,19800.0,0.0,0.0,0.0,1.0,0.0
1.0,3.0,275000.0,2.0,1.0,1.0,4.0,2.0,-3.0,81.47,0.0,14.42,10200.0,0.0,0.0,0.0,1.0,0.0
0.0,4.0,275000.0,4.0,1.0,1.0,3.0,2.0,2.76,817.67,2.0,39.93,17238.0,1.0,0.0,0.0,0.0,0.0
1.0,5.0,125000.0,3.0,1.0,1.0,4.0,3.0,1.44,464.3,1.0,28.4,14190.0,0.0,0.0,1.0,0.0,0.0
0.0,6.0,125000.0,2.0,1.0,1.0,2.0,2.0,1.64,371.94,4.0,0.87,6113.0,1.0,0.0,0.0,0.0,0.0
1.0,3.0,125000.0,3.0,1.0,0.0,4.0,2.0,-2.54,411.41,1.0,26.1,15900.0,1.0,0.0,0.0,0.0,0.0
1.0,3.0,125000.0,2.0,1.0,1.0,4.0,3.0,0.0,240.97,1.0,32.61,14400.0,0.0,0.0,0.0,1.0,0.0
1.0,3.0,75000.0,3.0,1.0,1.0,2.0,2.0,0.0,545.59,1.0,20.77,13333.0,0.0,0.0,1.0,0.0,0.0
1.0,4.0,225000.0,3.0,1.0,1.0,4.0,2.0,0.71,383.3,5.0,38.86,22105.0,0.0,0.0,0.0,1.0,0.0
0.0,5.0,475000.0,3.0,1.0,1.0,4.0,4.0,0.78,381.14,3.0,19.19,13525.0,0.0,0.0,1.0,0.0,0.0
1.0,6.0,125000.0,4.0,1.0,1.0,2.0,2.0,2.27,255.9,2.0,30.78,17237.0,0.0,0.0,0.0,1.0,0.0
1.0,3.0,75000.0,3.0,1.0,0.0,4.0,2.0,0.0,127.35,0.0,10.37,8575.0,0.0,0.0,0.0,1.0,0.0
0.0,4.0,500000.0,3.0,1.0,1.0,3.0,2.0,2.59,299.27,1.0,18.19,7448.0,0.0,0.0,0.0,1.0,0.0
1.0,4.0,325000.0,4.0,1.0,1.0,4.0,3.0,1.42,375.04,1.0,15.97,24600.0,0.0,0.0,0.0,1.0,0.0
1.0,5.0,500000.0,4.0,1.0,1.0,5.0,4.0,0.72,125.12,0.0,26.0,20520.0,0.0,1.0,0.0,0.0,0.0
1.0,5.0,325000.0,2.0,1.0,1.0,2.0,3.0,2.11,749.37,2.0,2.16,18800.0,0.0,1.0,0.0,0.0,0.0
0.0,4.0,75000.0,3.0,0.0,0.0,1.0,1.0,-0.65,122.18,0.0,5.56,7867.0,0.0,1.0,0.0,0.0,0.0
1.0,4.0,175000.0,3.0,1.0,1.0,4.0,3.0,2.79,532.1,1.0,13.86,17800.0,0.0,0.0,0.0,1.0,0.0
0.0,3.0,325000.0,4.0,1.0,1.0,4.0,2.0,2.65,424.06,1.0,18.46,13500.0,0.0,0.0,0.0,1.0,0.0
0.0,4.0,75000.0,4.0,1.0,1.0,4.0,3.0,2.65,580.46,1.0,1.22,10200.0,0.0,1.0,0.0,0.0,0.0
1.0,3.0,275000.0,3.0,1.0,1.0,3.0,2.0,2.5,102.96,0.0,6.37,3391.0,1.0,0.0,0.0,0.0,0.0
0.0,4.0,175000.0,4.0,1.0,1.0,3.0,3.0,2.52,427.59,1.0,6.38,38.0,1.0,0.0,0.0,0.0,0.0
1.0,1.0,500000.0,1.0,1.0,1.0,5.0,3.0,0.93,427.28,1.0,34.17,15375.0,0.0,1.0,0.0,0.0,0.0
0.0,6.0,175000.0,3.0,1.0,1.0,2.0,2.0,2.81,98.89,0.0,1.47,8667.0,0.0,0.0,0.0,1.0,0.0
1.0,5.0,50000.0,3.0,1.0,1.0,3.0,4.0,2.99,300.35,1.0,16.12,2400.0,0.0,0.0,1.0,0.0,0.0
1.0,6.0,75000.0,3.0,1.0,1.0,2.0,3.0,1.47,488.54,1.0,11.34,9417.0,1.0,0.0,0.0,0.0,0.0
0.0,6.0,125000.0,3.0,1.0,1.0,2.0,2.0,2.45,268.14,10.0,43.41,17692.0,0.0,0.0,0.0,1.0,0.0
0.0,6.0,125000.0,4.0,1.0,1.0,2.0,2.0,2.17,374.5,12.0,11.7,8516.0,0.0,0.0,0.0,1.0,0.0
1.0,5.0,325000.0,4.0,1.0,1.0,4.0,2.0,1.62,372.35,5.0,2.9,20531.0,1.0,0.0,0.0,0.0,0.0
0.0,5.0,75000.0,2.0,1.0,1.0,3.0,3.0,-2.92,21.59,0.0,6.71,90000.0,0.0,0.0,0.0,1.0,0.0
1.0,4.0,275000.0,3.0,0.0,1.0,4.0,3.0,2.87,200.08,1.0,7.0,4747.0,0.0,0.0,0.0,1.0,0.0
1.0,5.0,225000.0,4.0,1.0,1.0,4.0,3.0,2.66,388.17,1.0,38.84,10588.0,0.0,0.0,0.0,1.0,0.0
1.0,5.0,225000.0,4.0,1.0,1.0,3.0,3.0,2.79,327.97,5.0,4.08,9545.0,0.0,0.0,0.0,1.0,0.0
1.0,4.0,325000.0,3.0,1.0,1.0,2.0,2.0,2.59,314.72,1.0,19.41,11474.0,0.0,0.0,1.0,0.0,0.0
0.0,7.0,175000.0,3.0,1.0,1.0,1.0,3.0,-3.0,391.16,10.0,21.74,17455.0,0.0,0.0,0.0,1.0,0.0
0.0,6.0,425000.0,3.0,1.0,0.0,2.0,2.0,2.79,115.17,0.0,9.91,4472.0,1.0,0.0,0.0,0.0,0.0
1.0,5.0,175000.0,4.0,1.0,1.0,4.0,3.0,2.74,120.15,0.0,9.31,9000.0,0.0,0.0,0.0,1.0,0.0
0.0,3.0,125000.0,3.0,0.0,1.0,3.0,2.0,2.27,294.7,1.0,20.72,7467.0,0.0,1.0,0.0,0.0,0.0
1.0,5.0,175000.0,4.0,1.0,1.0,3.0,2.0,2.56,107.59,0.0,35.98,9176.0,0.0,0.0,0.0,1.0,0.0
0.0,4.0,275000.0,4.0,1.0,1.0,5.0,4.0,2.85,445.27,1.0,9.77,14377.0,0.0,0.0,0.0,1.0,0.0
1.0,6.0,125000.0,4.0,1.0,1.0,2.0,3.0,2.66,197.74,0.0,1.02,8686.0,0.0,0.0,0.0,1.0,0.0
0.0,3.0,275000.0,4.0,0.0,0.0,2.0,2.0,2.03,398.22,1.0,11.28,10560.0,0.0,0.0,0.0,1.0,0.0
1.0,3.0,225000.0,3.0,1.0,1.0,3.0,3.0,1.2,232.04,20.0,28.02,15429.0,0.0,0.0,0.0,1.0,0.0
1.0,3.0,75000.0,2.0,0.0,0.0,2.0,2.0,2.93,410.08,1.0,4.59,3000.0,0.0,0.0,0.0,1.0,0.0
1.0,6.0,500000.0,4.0,1.0,1.0,4.0,3.0,2.66,250.56,2.0,11.96,9854.0,0.0,1.0,0.0,0.0,0.0
1.0,7.0,225000.0,4.0,1.0,1.0,2.0,2.0,2.85,525.49,1.0,42.84,11690.0,0.0,0.0,1.0,0.0,0.0
1.0,3.0,75000.0,2.0,1.0,1.0,5.0,3.0,0.0,247.21,15.0,60.49,22667.0,0.0,0.0,0.0,1.0,0.0
1.0,4.0,500000.0,3.0,1.0,1.0,4.0,4.0,-0.29,360.66,1.0,23.14,14625.0,1.0,0.0,0.0,0.0,0.0
1.0,3.0,125000.0,2.0,1.0,1.0,2.0,2.0,2.88,955.57,2.0,22.24,22350.0,0.0,1.0,0.0,0.0,0.0
1.0,5.0,225000.0,4.0,1.0,1.0,2.0,3.0,2.48,359.72,1.0,13.93,8000.0,0.0,0.0,0.0,1.0,0.0
0.0,2.0,175000.0,3.0,1.0,1.0,4.0,2.0,2.49,289.93,1.0,8.98,9000.0,0.0,0.0,1.0,0.0,0.0
1.0,7.0,50000.0,2.0,1.0,1.0,1.0,2.0,2.68,148.64,0.0,40.5,4000.0,0.0,0.0,0.0,1.0,0.0
1.0,3.0,325000.0,3.0,1.0,1.0,4.0,2.0,0.2,145.09,0.0,109.02,37600.0,0.0,0.0,0.0,1.0,0.0
0.0,3.0,175000.0,2.0,1.0,1.0,5.0,3.0,-2.38,324.17,1.0,14.43,23014.0,0.0,0.0,0.0,1.0,0.0
1.0,6.0,225000.0,4.0,1.0,1.0,2.0,2.0,-0.32,73.89,0.0,7.81,5333.0,0.0,0.0,0.0,1.0,0.0
1.0,4.0,175000.0,4.0,1.0,1.0,2.0,2.0,2.59,58.91,0.0,19.3,30429.0,0.0,0.0,1.0,0.0,0.0
1.0,4.0,175000.0,3.0,1.0,0.0,2.0,2.0,0.0,325.4,1.0,21.76,13427.0,0.0,0.0,1.0,0.0,0.0
1.0,4.0,500000.0,4.0,0.0,1.0,6.0,4.0,2.19,395.97,1.0,14.58,11467.0,0.0,0.0,0.0,1.0,0.0
0.0,5.0,75000.0,2.0,1.0,1.0,4.0,2.0,2.74,408.1,1.0,3.8,13032.0,0.0,0.0,0.0,1.0,0.0
1.0,3.0,125000.0,3.0,1.0,0.0,4.0,2.0,-0.49,140.77,0.0,15.59,11850.0,0.0,0.0,0.0,1.0,0.0
0.0,6.0,175000.0,2.0,1.0,0.0,2.0,2.0,0.0,615.3,7.0,2.47,9638.0,0.0,0.0,0.0,1.0,0.0
1.0,2.0,50000.0,3.0,1.0,1.0,3.0,2.0,2.71,373.23,2.0,2.32,9750.0,0.0,0.0,0.0,1.0,0.0
1.0,7.0,50000.0,2.0,1.0,1.0,2.0,3.0,-3.0,269.77,40.0,20.79,22800.0,0.0,1.0,0.0,0.0,0.0
1.0,6.0,275000.0,3.0,1.0,1.0,3.0,4.0,2.74,477.42,2.0,14.09,7771.0,0.0,1.0,0.0,0.0,0.0
1.0,4.0,425000.0,4.0,1.0,1.0,3.0,2.0,2.65,194.86,0.0,1.64,9600.0,1.0,0.0,0.0,0.0,0.0
0.0,3.0,125000.0,4.0,1.0,1.0,4.0,3.0,2.6,438.04,1.0,11.87,10154.0,0.0,0.0,1.0,0.0,0.0
1.0,4.0,125000.0,3.0,1.0,1.0,4.0,2.0,2.57,496.21,1.0,23.81,14000.0,0.0,0.0,0.0,1.0,0.0
0.0,6.0,75000.0,4.0,1.0,1.0,1.0,1.0,2.58,44.48,0.0,15.87,10500.0,0.0,0.0,1.0,0.0,0.0
0.0,6.0,125000.0,4.0,1.0,1.0,2.0,2.0,2.68,423.75,5.0,22.8,21320.0,0.0,0.0,0.0,1.0,0.0
1.0,3.0,175000.0,4.0,1.0,0.0,3.0,2.0,1.32,104.7,0.0,12.86,12000.0,0.0,0.0,0.0,1.0,0.0
1.0,5.0,425000.0,4.0,1.0,1.0,3.0,4.0,-2.73,696.55,2.0,5.51,13286.0,0.0,0.0,0.0,1.0,0.0
1.0,4.0,425000.0,4.0,1.0,0.0,3.0,2.0,2.62,342.66,10.0,23.09,15000.0,0.0,0.0,0.0,1.0,0.0
1.0,6.0,175000.0,4.0,1.0,1.0,2.0,2.0,2.53,156.03,0.0,12.89,6000.0,0.0,0.0,1.0,0.0,0.0
1.0,3.0,175000.0,4.0,0.0,0.0,2.0,2.0,2.49,347.09,2.0,12.63,17412.0,0.0,0.0,0.0,1.0,0.0
0.0,6.0,75000.0,3.0,1.0,1.0,2.0,3.0,2.27,91.25,0.0,28.65,303.0,0.0,0.0,0.0,1.0,0.0
1.0,6.0,125000.0,4.0,1.0,1.0,4.0,3.0,2.68,2107.58,2.0,40.88,12000.0,0.0,1.0,0.0,0.0,0.0
1.0,7.0,125000.0,3.0,1.0,1.0,4.0,3.0,2.53,104.41,0.0,2.16,7350.0,0.0,0.0,0.0,1.0,0.0
1.0,5.0,175000.0,3.0,1.0,0.0,2.0,2.0,2.61,390.04,2.0,1.34,10829.0,0.0,0.0,0.0,1.0,0.0
0.0,4.0,125000.0,3.0,0.0,1.0,4.0,2.0,2.4,363.67,1.0,14.3,23294.0,0.0,0.0,0.0,1.0,0.0
1.0,4.0,125000.0,4.0,1.0,0.0,3.0,2.0,2.64,1915.41,1.0,21.25,11000.0,0.0,0.0,1.0,0.0,0.0
0.0,4.0,125000.0,4.0,1.0,1.0,5.0,2.0,2.66,140.23,0.0,3.27,8846.0,0.0,0.0,0.0,1.0,0.0
1.0,5.0,225000.0,3.0,1.0,1.0,4.0,3.0,-3.0,409.5,1.0,16.81,22692.0,0.0,0.0,0.0,1.0,0.0
1.0,4.0,175000.0,2.0,1.0,0.0,4.0,2.0,1.46,105.67,0.0,12.31,10236.0,0.0,1.0,0.0,0.0,0.0
1.0,4.0,175000.0,4.0,0.0,1.0,5.0,3.0,-1.52,126.88,0.0,33.22,23100.0,0.0,0.0,1.0,0.0,0.0
1.0,7.0,175000.0,4.0,1.0,1.0,2.0,1.0,2.74,692.48,8.0,3.4,13867.0,0.0,0.0,0.0,1.0,0.0
0.0,4.0,175000.0,3.0,1.0,1.0,5.0,4.0,0.64,499.75,1.0,8.14,12793.0,0.0,0.0,0.0,1.0,0.0
1.0,6.0,125000.0,3.0,1.0,1.0,8.0,4.0,2.19,39.56,0.0,2.39,5333.0,0.0,0.0,1.0,0.0,0.0
1.0,5.0,125000.0,4.0,1.0,0.0,2.0,2.0,0.87,669.36,1.0,13.32,4800.0,0.0,0.0,0.0,1.0,0.0
1.0,7.0,500000.0,4.0,1.0,1.0,4.0,2.0,2.68,273.45,6.0,23.85,15750.0,1.0,0.0,0.0,0.0,0.0
1.0,4.0,175000.0,2.0,1.0,1.0,2.0,2.0,1.16,407.21,1.0,3.38,7680.0,0.0,0.0,0.0,1.0,0.0
1.0,3.0,125000.0,3.0,0.0,0.0,2.0,2.0,2.98,137.9,0.0,15.54,9950.0,0.0,0.0,0.0,1.0,0.0
0.0,5.0,275000.0,3.0,1.0,1.0,5.0,5.0,-1.12,1480.89,4.0,11.65,16896.0,1.0,0.0,0.0,0.0,0.0
1.0,5.0,500000.0,4.0,1.0,1.0,2.0,4.0,0.0,387.91,1.0,7.07,1569.0,0.0,0.0,0.0,1.0,0.0
0.0,5.0,125000.0,2.0,1.0,0.0,2.0,2.0,2.13,695.04,1.0,37.67,12868.0,1.0,0.0,0.0,0.0,0.0
1.0,4.0,125000.0,2.0,1.0,1.0,5.0,3.0,2.3,259.41,1.0,3.41,13333.0,0.0,0.0,0.0,1.0,0.0
1.0,5.0,275000.0,3.0,1.0,1.0,3.0,4.0,0.0,429.44,1.0,7.24,10419.0,1.0,0.0,0.0,0.0,0.0
1.0,4.0,500000.0,3.0,1.0,1.0,2.0,2.0,1.28,148.51,0.0,20.73,8244.0,1.0,0.0,0.0,0.0,0.0
0.0,4.0,175000.0,3.0,1.0,1.0,4.0,2.0,2.41,123.76,0.0,65.33,15840.0,0.0,0.0,1.0,0.0,0.0
1.0,3.0,175000.0,3.0,1.0,1.0,1.0,2.0,-3.0,188.85,0.0,20.91,11400.0,0.0,0.0,0.0,1.0,0.0
0.0,5.0,175000.0,3.0,1.0,1.0,3.0,2.0,2.76,319.33,1.0,14.08,12000.0,0.0,0.0,0.0,1.0,0.0
0.0,4.0,225000.0,3.0,1.0,1.0,2.0,2.0,2.7,85.1,0.0,11.28,9000.0,1.0,0.0,0.0,0.0,0.0
1.0,5.0,175000.0,4.0,1.0,1.0,4.0,2.0,1.15,553.92,1.0,4.78,2250.0,0.0,0.0,0.0,1.0,0.0
0.0,4.0,125000.0,4.0,1.0,1.0,5.0,2.0,2.73,431.57,1.0,19.57,94734.0,1.0,0.0,0.0,0.0,0.0
0.0,6.0,75000.0,4.0,1.0,1.0,2.0,1.0,2.76,907.38,2.0,4.45,6419.0,0.0,0.0,0.0,1.0,0.0
1.0,1.0,225000.0,4.0,0.0,1.0,4.0,2.0,1.91,260.79,1.0,15.79,5143.0,0.0,0.0,0.0,1.0,0.0
1.0,4.0,125000.0,4.0,1.0,1.0,1.0,2.0,2.65,120.3,0.0,6.86,12000.0,1.0,0.0,0.0,0.0,0.0
1.0,6.0,50000.0,2.0,1.0,1.0,1.0,1.0,2.79,575.75,2.0,6.43,8333.0,0.0,0.0,0.0,1.0,0.0
1.0,4.0,225000.0,2.0,0.0,1.0,5.0,2.0,2.98,265.03,1.0,15.36,12300.0,0.0,0.0,1.0,0.0,0.0
0.0,5.0,175000.0,4.0,1.0,1.0,3.0,1.0,2.74,151.67,0.0,29.2,12000.0,0.0,0.0,0.0,1.0,0.0
1.0,6.0,125000.0,4.0,1.0,1.0,4.0,5.0,0.0,527.59,1.0,8.29,9726.0,0.0,0.0,0.0,1.0,0.0
1.0,3.0,225000.0,4.0,1.0,1.0,5.0,3.0,2.93,241.54,6.0,10.52,16094.0,0.0,0.0,0.0,1.0,0.0
1.0,7.0,225000.0,4.0,1.0,1.0,3.0,2.0,2.96,351.83,1.0,8.99,8496.0,0.0,0.0,1.0,0.0,0.0
1.0,4.0,225000.0,4.0,1.0,1.0,3.0,3.0,2.66,125.75,0.0,13.83,10886.0,0.0,0.0,0.0,1.0,0.0
0.0,3.0,75000.0,3.0,1.0,1.0,2.0,4.0,2.35,59.2,0.0,51.39,27000.0,0.0,0.0,0.0,1.0,0.0
0.0,5.0,275000.0,3.0,1.0,1.0,3.0,3.0,2.73,404.21,7.0,14.93,12900.0,0.0,0.0,1.0,0.0,0.0
1.0,5.0,275000.0,4.0,1.0,0.0,2.0,1.0,2.65,88.65,0.0,7.8,8866.0,0.0,0.0,0.0,1.0,0.0
1.0,8.0,175000.0,3.0,1.0,1.0,3.0,1.0,2.42,366.87,6.0,9.83,5481.0,0.0,1.0,0.0,0.0,0.0
1.0,4.0,175000.0,2.0,1.0,1.0,4.0,3.0,2.67,431.57,1.0,22.92,34856.0,0.0,0.0,0.0,1.0,0.0
0.0,3.0,375000.0,4.0,1.0,1.0,3.0,2.0,2.81,210.05,1.0,31.04,16457.0,0.0,0.0,0.0,1.0,0.0
1.0,4.0,375000.0,4.0,1.0,1.0,4.0,2.0,2.78,93.25,0.0,14.32,10154.0,0.0,0.0,0.0,1.0,0.0
0.0,4.0,375000.0,3.0,1.0,1.0,5.0,5.0,2.76,395.7,35.0,0.66,13944.0,1.0,0.0,0.0,0.0,0.0
1.0,6.0,225000.0,2.0,1.0,1.0,2.0,3.0,-3.0,462.82,1.0,12.32,6800.0,0.0,0.0,0.0,1.0,0.0
1.0,6.0,425000.0,4.0,1.0,1.0,2.0,2.0,2.98,264.04,1.0,73.55,6760.0,0.0,0.0,0.0,1.0,0.0
0.0,4.0,225000.0,4.0,1.0,1.0,4.0,2.0,1.46,161.55,0.0,14.49,11429.0,0.0,0.0,0.0,1.0,0.0
1.0,5.0,175000.0,3.0,1.0,1.0,4.0,4.0,2.63,813.98,3.0,10.5,8122.0,0.0,0.0,0.0,1.0,0.0
1.0,5.0,225000.0,4.0,1.0,1.0,4.0,2.0,-2.59,674.1,1.0,31.56,19672.0,0.0,0.0,0.0,1.0,0.0
1.0,6.0,75000.0,4.0,1.0,1.0,2.0,2.0,1.51,669.92,1.0,5.05,3505.0,0.0,0.0,0.0,1.0,0.0
1.0,6.0,175000.0,2.0,1.0,1.0,3.0,3.0,1.59,139.47,0.0,6.74,8070.0,0.0,1.0,0.0,0.0,0.0
1.0,3.0,75000.0,3.0,1.0,1.0,2.0,2.0,2.62,109.83,0.0,8.02,17252.0,1.0,0.0,0.0,0.0,0.0
0.0,5.0,75000.0,3.0,1.0,1.0,1.0,1.0,2.59,398.98,4.0,2.71,7500.0,0.0,1.0,0.0,0.0,0.0
1.0,5.0,125000.0,3.0,1.0,1.0,5.0,4.0,2.39,97.38,0.0,7.9,6051.0,0.0,0.0,0.0,1.0,0.0
0.0,4.0,75000.0,4.0,0.0,0.0,1.0,1.0,2.78,114.71,0.0,5.13,6796.0,0.0,0.0,0.0,1.0,0.0
1.0,5.0,175000.0,4.0,1.0,1.0,3.0,3.0,0.47,424.43,1.0,14.81,32179.0,0.0,0.0,0.0,1.0,0.0
0.0,6.0,125000.0,4.0,1.0,1.0,2.0,2.0,2.82,254.86,1.0,5.1,7350.0,0.0,1.0,0.0,0.0,0.0
1.0,4.0,175000.0,3.0,1.0,1.0,6.0,3.0,1.26,213.14,1.0,14.49,11467.0,0.0,0.0,0.0,1.0,0.0
1.0,4.0,125000.0,3.0,1.0,1.0,4.0,2.0,2.44,118.02,0.0,13.35,13224.0,0.0,0.0,0.0,1.0,0.0
1.0,7.0,75000.0,4.0,1.0,1.0,2.0,3.0,2.59,78.59,0.0,10.53,5265.0,0.0,0.0,0.0,1.0,0.0
1.0,5.0,225000.0,3.0,1.0,1.0,3.0,3.0,2.76,535.95,1.0,48.86,24000.0,0.0,0.0,1.0,0.0,0.0
0.0,4.0,125000.0,2.0,1.0,1.0,2.0,3.0,2.68,200.36,1.0,27.39,6000.0,0.0,0.0,0.0,1.0,0.0
1.0,4.0,275000.0,3.0,1.0,1.0,5.0,3.0,1.15,270.56,1.0,16.84,10286.0,0.0,0.0,1.0,0.0,0.0
0.0,5.0,175000.0,4.0,0.0,1.0,2.0,2.0,2.49,434.39,1.0,36.07,16188.0,0.0,0.0,1.0,0.0,0.0
1.0,7.0,325000.0,4.0,1.0,1.0,2.0,2.0,2.49,95.87,0.0,14.84,11823.0,0.0,0.0,1.0,0.0,0.0
1.0,6.0,175000.0,4.0,1.0,1.0,2.0,2.0,2.65,99.08,0.0,13.78,7296.0,0.0,0.0,0.0,1.0,0.0
1.0,3.0,325000.0,4.0,1.0,1.0,4.0,2.0,1.95,357.98,1.0,4.86,7504.0,0.0,0.0,1.0,0.0,0.0
1.0,6.0,175000.0,4.0,1.0,1.0,2.0,4.0,2.72,417.06,12.0,50.6,19208.0,0.0,1.0,0.0,0.0,0.0
0.0,5.0,500000.0,3.0,1.0,1.0,2.0,4.0,2.57,369.69,3.0,30.94,13200.0,0.0,0.0,0.0,1.0,0.0
1.0,4.0,125000.0,4.0,1.0,1.0,3.0,2.0,-2.59,628.17,2.0,18.25,18621.0,0.0,0.0,0.0,1.0,0.0
1.0,4.0,275000.0,3.0,1.0,1.0,2.0,2.0,2.79,87.39,0.0,10.16,7772.0,0.0,1.0,0.0,0.0,0.0
1.0,5.0,375000.0,3.0,1.0,1.0,4.0,4.0,0.0,396.93,1.0,5.79,7623.0,0.0,0.0,1.0,0.0,0.0
1.0,5.0,175000.0,4.0,1.0,1.0,4.0,2.0,2.87,397.22,1.0,4.28,9200.0,0.0,0.0,0.0,1.0,0.0
1.0,4.0,175000.0,4.0,1.0,1.0,2.0,3.0,2.92,363.95,1.0,18.17,12480.0,0.0,0.0,1.0,0.0,0.0
1.0,4.0,500000.0,4.0,1.0,1.0,4.0,4.0,-2.8,394.08,5.0,73.61,20571.0,0.0,0.0,0.0,1.0,0.0
0.0,2.0,75000.0,2.0,0.0,1.0,2.0,2.0,-2.94,367.25,1.0,5.3,12074.0,1.0,0.0,0.0,0.0,0.0
1.0,3.0,325000.0,4.0,1.0,1.0,4.0,3.0,-1.74,347.32,1.0,21.35,13108.0,1.0,0.0,0.0,0.0,0.0
1.0,4.0,500000.0,4.0,1.0,1.0,3.0,2.0,2.88,351.64,3.0,57.7,16000.0,0.0,0.0,0.0,1.0,0.0
1.0,5.0,225000.0,2.0,1.0,1.0,4.0,3.0,1.38,236.43,1.0,16.02,13333.0,0.0,0.0,1.0,0.0,0.0
1.0,3.0,175000.0,3.0,1.0,1.0,5.0,3.0,0.53,91.8,0.0,0.76,8400.0,0.0,1.0,0.0,0.0,0.0
1.0,4.0,325000.0,3.0,1.0,1.0,3.0,3.0,2.78,227.68,1.0,25.59,15000.0,0.0,1.0,0.0,0.0,0.0
1.0,4.0,75000.0,2.0,1.0,1.0,5.0,4.0,0.0,72.6,0.0,14.02,9333.0,0.0,0.0,0.0,1.0,0.0
1.0,3.0,75000.0,2.0,1.0,1.0,3.0,2.0,2.77,238.14,1.0,17.79,12802.0,0.0,0.0,0.0,1.0,0.0
1.0,5.0,375000.0,3.0,1.0,1.0,3.0,2.0,0.81,127.3,0.0,17.56,18400.0,0.0,0.0,0.0,1.0,0.0
1.0,3.0,500000.0,4.0,1.0,1.0,5.0,2.0,2.01,129.67,0.0,3.29,3055.0,0.0,0.0,0.0,1.0,0.0
1.0,4.0,125000.0,3.0,1.0,0.0,6.0,5.0,2.61,726.01,1.0,1.87,9692.0,0.0,0.0,0.0,1.0,0.0
1.0,5.0,175000.0,4.0,1.0,1.0,4.0,2.0,2.65,134.65,0.0,22.46,14640.0,0.0,1.0,0.0,0.0,0.0
1.0,5.0,125000.0,4.0,1.0,1.0,3.0,4.0,0.8,361.49,1.0,9.59,8000.0,0.0,0.0,0.0,1.0,0.0
0.0,2.0,75000.0,4.0,0.0,0.0,3.0,2.0,-2.6,124.38,0.0,12.76,15429.0,0.0,0.0,0.0,1.0,0.0
1.0,5.0,425000.0,4.0,1.0,1.0,5.0,3.0,2.74,492.95,20.0,47.32,16920.0,0.0,0.0,0.0,1.0,0.0
1.0,6.0,175000.0,4.0,1.0,1.0,2.0,3.0,2.69,925.43,8.0,16.81,12036.0,0.0,0.0,0.0,1.0,0.0
0.0,3.0,125000.0,3.0,1.0,0.0,1.0,1.0,2.94,259.15,2.0,32.9,19200.0,0.0,0.0,0.0,1.0,0.0
1.0,3.0,125000.0,3.0,1.0,0.0,6.0,2.0,0.77,381.02,7.0,32.39,31200.0,0.0,0.0,0.0,1.0,0.0
1.0,3.0,175000.0,3.0,1.0,1.0,2.0,3.0,2.85,311.94,1.0,18.76,10400.0,0.0,1.0,0.0,0.0,0.0
1.0,6.0,275000.0,3.0,1.0,1.0,2.0,3.0,2.8,648.49,1.0,57.05,19200.0,0.0,1.0,0.0,0.0,0.0
1.0,4.0,125000.0,4.0,1.0,1.0,5.0,3.0,2.61,267.27,1.0,12.52,15000.0,0.0,0.0,0.0,1.0,0.0
1.0,3.0,125000.0,4.0,1.0,1.0,5.0,2.0,-1.3,158.47,0.0,30.79,25200.0,0.0,0.0,0.0,1.0,0.0
0.0,5.0,125000.0,2.0,1.0,1.0,2.0,3.0,2.17,359.5,4.0,35.03,14830.0,0.0,0.0,1.0,0.0,0.0
1.0,6.0,125000.0,3.0,1.0,1.0,2.0,2.0,2.92,123.8,0.0,3.53,2689.0,0.0,0.0,0.0,1.0,0.0
0.0,3.0,125000.0,4.0,0.0,0.0,2.0,2.0,2.55,386.01,15.0,26.18,19724.0,0.0,0.0,0.0,1.0,0.0
1.0,3.0,275000.0,4.0,0.0,1.0,4.0,3.0,2.68,251.59,10.0,3.49,8193.0,0.0,0.0,0.0,1.0,0.0
1.0,4.0,175000.0,4.0,1.0,1.0,4.0,2.0,0.77,87.12,0.0,11.92,10000.0,0.0,1.0,0.0,0.0,0.0
1.0,5.0,325000.0,4.0,1.0,1.0,2.0,4.0,2.02,143.92,0.0,16.47,9900.0,0.0,0.0,0.0,1.0,0.0
1.0,5.0,125000.0,3.0,1.0,1.0,3.0,3.0,0.0,437.78,2.0,11.3,20584.0,0.0,0.0,0.0,1.0,0.0
0.0,3.0,175000.0,4.0,1.0,1.0,3.0,1.0,2.97,288.79,6.0,413.73,7665.0,0.0,0.0,0.0,1.0,0.0
1.0,5.0,475000.0,4.0,1.0,1.0,4.0,3.0,0.26,152.01,0.0,22.83,2905.0,0.0,0.0,0.0,1.0,0.0
0.0,6.0,125000.0,3.0,1.0,1.0,3.0,3.0,2.7,223.25,1.0,3.15,5755.0,0.0,0.0,1.0,0.0,0.0
1.0,5.0,175000.0,4.0,1.0,1.0,2.0,2.0,2.55,487.64,1.0,18.44,11077.0,0.0,0.0,0.0,1.0,0.0
1.0,3.0,225000.0,3.0,0.0,1.0,4.0,2.0,2.65,551.42,1.0,22.56,15960.0,1.0,0.0,0.0,0.0,0.0
0.0,5.0,75000.0,3.0,1.0,1.0,3.0,2.0,2.8,484.72,4.0,22.36,19087.0,0.0,0.0,1.0,0.0,0.0
0.0,3.0,175000.0,3.0,1.0,1.0,4.0,3.0,0.26,445.71,1.0,40.09,24129.0,0.0,0.0,0.0,1.0,0.0
1.0,4.0,225000.0,3.0,1.0,1.0,2.0,3.0,2.68,1051.46,10.0,13.35,13500.0,0.0,0.0,0.0,1.0,0.0
0.0,2.0,50000.0,3.0,1.0,1.0,1.0,1.0,-1.65,300.7,3.0,16.7,12000.0,0.0,0.0,0.0,1.0,0.0
1.0,5.0,375000.0,4.0,1.0,1.0,2.0,3.0,2.65,536.09,1.0,12.99,4465.0,0.0,0.0,0.0,1.0,0.0
1.0,5.0,225000.0,3.0,1.0,1.0,2.0,4.0,1.33,530.53,1.0,48.48,26250.0,0.0,0.0,0.0,1.0,0.0
1.0,3.0,325000.0,2.0,0.0,1.0,5.0,3.0,0.31,487.26,1.0,21.88,12514.0,0.0,0.0,1.0,0.0,0.0
1.0,6.0,275000.0,4.0,1.0,1.0,2.0,3.0,1.26,397.43,1.0,37.49,15720.0,0.0,0.0,0.0,1.0,0.0
1.0,4.0,225000.0,3.0,1.0,0.0,2.0,1.0,2.96,122.71,0.0,0.89,3667.0,0.0,0.0,1.0,0.0,0.0
1.0,7.0,125000.0,3.0,1.0,1.0,2.0,2.0,2.78,655.53,14.0,1.88,17286.0,0.0,0.0,0.0,1.0,0.0
1.0,5.0,125000.0,3.0,1.0,1.0,3.0,1.0,2.53,91.94,0.0,11.18,12000.0,0.0,0.0,0.0,1.0,0.0
0.0,2.0,325000.0,4.0,1.0,0.0,2.0,2.0,0.0,578.64,1.0,11.74,7200.0,0.0,0.0,0.0,1.0,0.0
1.0,6.0,75000.0,4.0,1.0,1.0,2.0,3.0,2.35,357.98,3.0,25.36,7212.0,0.0,1.0,0.0,0.0,0.0
0.0,5.0,175000.0,4.0,1.0,1.0,6.0,3.0,-2.83,271.31,1.0,11.76,12000.0,0.0,0.0,0.0,1.0,0.0
1.0,4.0,125000.0,4.0,1.0,1.0,3.0,2.0,-3.0,261.48,1.0,24.77,11090.0,0.0,0.0,0.0,1.0,0.0
0.0,5.0,125000.0,3.0,0.0,0.0,1.0,1.0,1.03,296.08,3.0,7.96,8800.0,1.0,0.0,0.0,0.0,0.0
1.0,6.0,175000.0,2.0,1.0,1.0,2.0,2.0,2.72,124.23,0.0,21.15,12574.0,0.0,0.0,0.0,1.0,0.0
1.0,4.0,225000.0,3.0,1.0,0.0,3.0,2.0,0.52,174.4,0.0,23.79,8727.0,0.0,0.0,0.0,1.0,0.0
1.0,4.0,500000.0,4.0,1.0,1.0,4.0,3.0,1.53,391.06,1.0,13.19,7552.0,1.0,0.0,0.0,0.0,0.0
1.0,4.0,325000.0,4.0,1.0,1.0,4.0,2.0,2.83,2034.32,1.0,9.33,9120.0,0.0,0.0,0.0,1.0,0.0
1.0,3.0,125000.0,4.0,0.0,0.0,4.0,2.0,2.61,358.46,1.0,17.42,10100.0,0.0,0.0,0.0,1.0,0.0
0.0,5.0,275000.0,3.0,1.0,1.0,3.0,2.0,0.0,289.76,1.0,17.44,12000.0,0.0,1.0,0.0,0.0,0.0
1.0,3.0,500000.0,4.0,1.0,0.0,4.0,1.0,0.56,187.68,0.0,3.0,13964.0,0.0,0.0,1.0,0.0,0.0
1.0,4.0,225000.0,4.0,1.0,1.0,2.0,2.0,2.59,109.95,0.0,21.26,7600.0,0.0,0.0,0.0,1.0,0.0
1.0,5.0,325000.0,4.0,1.0,1.0,3.0,4.0,2.47,277.38,1.0,18.18,9593.0,0.0,0.0,0.0,1.0,0.0
1.0,3.0,175000.0,4.0,1.0,1.0,3.0,3.0,-2.99,249.83,1.0,1.38,6108.0,0.0,0.0,0.0,1.0,0.0
1.0,4.0,175000.0,3.0,0.0,1.0,4.0,2.0,0.0,353.08,1.0,6.73,15429.0,0.0,0.0,0.0,1.0,0.0
1.0,5.0,500000.0,4.0,1.0,1.0,2.0,2.0,2.73,394.26,5.0,27.78,15329.0,1.0,0.0,0.0,0.0,0.0
0.0,3.0,75000.0,4.0,0.0,0.0,2.0,2.0,2.69,130.96,0.0,23.09,10500.0,0.0,0.0,0.0,1.0,0.0
1.0,6.0,175000.0,3.0,1.0,1.0,8.0,4.0,2.49,260.86,1.0,8.81,7658.0,0.0,0.0,0.0,1.0,0.0
1.0,7.0,75000.0,3.0,1.0,1.0,2.0,2.0,2.78,123.97,0.0,5.1,8400.0,0.0,0.0,1.0,0.0,0.0
1.0,5.0,375000.0,4.0,1.0,1.0,3.0,2.0,2.76,417.79,10.0,23.06,12502.0,0.0,1.0,0.0,0.0,0.0
1.0,4.0,225000.0,4.0,1.0,1.0,4.0,2.0,2.69,225.72,1.0,13.28,7920.0,0.0,0.0,0.0,1.0,0.0
1.0,3.0,125000.0,2.0,1.0,0.0,2.0,2.0,2.43,368.96,3.0,5.12,11486.0,0.0,0.0,1.0,0.0,0.0
1.0,6.0,325000.0,3.0,1.0,1.0,4.0,4.0,2.58,532.64,1.0,31.33,22917.0,0.0,0.0,1.0,0.0,0.0
0.0,4.0,500000.0,2.0,1.0,1.0,5.0,4.0,0.0,381.2,3.0,12.21,25846.0,0.0,0.0,0.0,1.0,0.0
1.0,4.0,125000.0,4.0,0.0,0.0,1.0,2.0,-3.0,311.54,4.0,36.73,19479.0,0.0,0.0,0.0,1.0,0.0
1.0,4.0,75000.0,4.0,1.0,1.0,3.0,3.0,2.74,494.48,1.0,11.63,15240.0,0.0,0.0,0.0,1.0,0.0
1.0,4.0,225000.0,4.0,0.0,0.0,3.0,3.0,2.83,271.76,1.0,21.06,12381.0,0.0,0.0,1.0,0.0,0.0
0.0,2.0,125000.0,3.0,0.0,0.0,1.0,2.0,2.31,114.45,0.0,13.44,6509.0,0.0,0.0,0.0,1.0,0.0
1.0,4.0,175000.0,3.0,0.0,0.0,2.0,2.0,2.27,153.5,0.0,3.91,7296.0,0.0,0.0,0.0,1.0,0.0
1.0,6.0,275000.0,4.0,0.0,1.0,2.0,3.0,2.54,369.01,1.0,18.07,9231.0,0.0,0.0,0.0,1.0,0.0
1.0,5.0,225000.0,4.0,1.0,1.0,4.0,2.0,1.6,384.24,1.0,22.05,5819.0,0.0,0.0,0.0,1.0,0.0
1.0,5.0,175000.0,3.0,1.0,1.0,2.0,2.0,2.47,170.02,0.0,22.98,16364.0,0.0,0.0,0.0,1.0,0.0
1.0,6.0,225000.0,3.0,1.0,1.0,3.0,3.0,2.72,264.38,1.0,4.8,14293.0,0.0,0.0,1.0,0.0,0.0
1.0,2.0,50000.0,2.0,0.0,0.0,6.0,3.0,1.68,263.88,2.0,12.89,1350.0,1.0,0.0,0.0,0.0,0.0
1.0,4.0,75000.0,3.0,1.0,0.0,2.0,2.0,0.35,259.14,1.0,24.12,16457.0,0.0,0.0,0.0,1.0,0.0
0.0,5.0,50000.0,4.0,1.0,1.0,1.0,1.0,2.54,97.47,0.0,24.6,19755.0,0.0,0.0,0.0,1.0,0.0
1.0,4.0,125000.0,3.0,1.0,1.0,5.0,2.0,2.45,1727.16,1.0,6.88,316113.0,0.0,1.0,0.0,0.0,0.0
1.0,7.0,75000.0,2.0,1.0,1.0,2.0,2.0,0.0,811.33,1.0,16.85,11086.0,0.0,0.0,1.0,0.0,0.0
1.0,4.0,325000.0,2.0,1.0,1.0,3.0,2.0,1.97,242.7,1.0,22.9,19575.0,0.0,0.0,1.0,0.0,0.0
1.0,5.0,425000.0,4.0,1.0,1.0,3.0,2.0,2.67,448.54,1.0,16.17,10256.0,0.0,0.0,0.0,1.0,0.0
1.0,5.0,500000.0,4.0,1.0,1.0,4.0,3.0,1.07,467.91,10.0,7.53,17520.0,0.0,0.0,0.0,1.0,0.0
1.0,3.0,125000.0,4.0,1.0,0.0,2.0,2.0,2.66,802.99,1.0,6.45,10667.0,1.0,0.0,0.0,0.0,0.0
1.0,5.0,125000.0,4.0,1.0,1.0,4.0,2.0,2.32,550.91,3.0,0.7,12414.0,0.0,0.0,0.0,1.0,0.0
1.0,4.0,125000.0,3.0,0.0,0.0,4.0,1.0,-3.0,115.14,0.0,8.17,9929.0,0.0,0.0,0.0,1.0,0.0
1.0,5.0,275000.0,4.0,1.0,1.0,2.0,2.0,-1.58,383.04,1.0,14.03,6400.0,0.0,0.0,0.0,1.0,0.0
1.0,4.0,175000.0,4.0,0.0,1.0,5.0,2.0,2.6,544.79,1.0,46.4,10500.0,0.0,0.0,0.0,1.0,0.0
1.0,5.0,225000.0,4.0,1.0,1.0,4.0,4.0,-1.16,247.78,3.0,22.92,14118.0,0.0,0.0,0.0,1.0,0.0
0.0,7.0,175000.0,4.0,1.0,1.0,2.0,2.0,2.57,121.42,0.0,15.66,8000.0,0.0,0.0,0.0,1.0,0.0
1.0,3.0,225000.0,4.0,1.0,1.0,2.0,2.0,0.0,209.59,4.0,23.15,17143.0,0.0,0.0,0.0,1.0,0.0
0.0,4.0,175000.0,3.0,1.0,1.0,4.0,2.0,2.79,106.76,0.0,8.78,15587.0,0.0,1.0,0.0,0.0,0.0
0.0,6.0,475000.0,3.0,1.0,1.0,2.0,2.0,2.78,504.64,1.0,9.32,4687.0,0.0,0.0,0.0,1.0,0.0
1.0,5.0,125000.0,4.0,1.0,1.0,1.0,1.0,-1.74,120.82,0.0,6.12,7847.0,0.0,0.0,0.0,1.0,0.0
1.0,3.0,325000.0,3.0,1.0,1.0,2.0,3.0,1.44,273.23,1.0,19.12,9970.0,0.0,0.0,0.0,1.0,0.0
0.0,4.0,125000.0,3.0,1.0,1.0,2.0,2.0,2.91,303.63,1.0,1.05,3319.0,0.0,0.0,0.0,1.0,0.0
1.0,4.0,325000.0,2.0,1.0,1.0,4.0,4.0,0.0,465.14,3.0,65.91,36857.0,0.0,0.0,1.0,0.0,0.0
1.0,4.0,275000.0,3.0,1.0,1.0,4.0,3.0,1.78,121.5,0.0,14.24,12000.0,0.0,0.0,0.0,1.0,0.0
1.0,7.0,500000.0,4.0,1.0,1.0,2.0,4.0,1.63,622.46,3.0,20.72,10286.0,0.0,0.0,0.0,1.0,0.0
1.0,3.0,50000.0,2.0,1.0,1.0,1.0,1.0,2.79,2416.39,2.0,59.3,27185.0,0.0,1.0,0.0,0.0,0.0
0.0,4.0,225000.0,4.0,1.0,1.0,2.0,2.0,2.76,560.79,1.0,4.82,4142.0,0.0,0.0,1.0,0.0,0.0
1.0,3.0,75000.0,3.0,0.0,0.0,1.0,1.0,2.48,128.96,0.0,3.09,7615.0,0.0,0.0,0.0,1.0,0.0
1.0,4.0,225000.0,3.0,1.0,1.0,2.0,3.0,1.39,227.1,1.0,17.76,11000.0,0.0,0.0,0.0,1.0,0.0
0.0,5.0,225000.0,3.0,1.0,1.0,4.0,2.0,2.75,123.43,0.0,3.45,13500.0,0.0,0.0,0.0,1.0,0.0
0.0,4.0,75000.0,3.0,1.0,1.0,4.0,3.0,1.67,421.18,1.0,14.77,10364.0,0.0,0.0,1.0,0.0,0.0
1.0,5.0,375000.0,4.0,1.0,1.0,3.0,3.0,0.0,177.45,0.0,1.68,55200.0,0.0,0.0,0.0,1.0,0.0
0.0,5.0,175000.0,3.0,1.0,1.0,3.0,5.0,1.6,159.29,0.0,27.45,11656.0,1.0,0.0,0.0,0.0,0.0
1.0,7.0,475000.0,3.0,1.0,1.0,2.0,2.0,2.55,529.64,3.0,12.66,12000.0,0.0,0.0,0.0,1.0,0.0
1.0,4.0,125000.0,4.0,1.0,0.0,5.0,2.0,-2.26,97.25,0.0,20.53,31000.0,1.0,0.0,0.0,0.0,0.0
1.0,4.0,275000.0,4.0,1.0,1.0,5.0,2.0,1.62,493.1,1.0,17.78,12706.0,0.0,1.0,0.0,0.0,0.0
0.0,3.0,325000.0,4.0,0.0,0.0,2.0,2.0,2.76,300.93,3.0,5.1,7160.0,1.0,0.0,0.0,0.0,0.0
1.0,4.0,175000.0,3.0,0.0,0.0,2.0,2.0,2.18,614.14,1.0,12.37,10174.0,0.0,0.0,0.0,1.0,0.0
0.0,4.0,175000.0,4.0,1.0,1.0,3.0,1.0,2.61,203.64,4.0,25.69,10500.0,0.0,0.0,0.0,1.0,0.0
1.0,3.0,75000.0,4.0,1.0,1.0,5.0,2.0,-2.42,376.44,3.0,5.39,14500.0,0.0,0.0,1.0,0.0,0.0
1.0,7.0,125000.0,3.0,1.0,1.0,2.0,1.0,-1.05,167.89,0.0,2.18,15326.0,0.0,0.0,1.0,0.0,0.0
1.0,5.0,225000.0,3.0,1.0,1.0,4.0,4.0,2.7,2107.07,1.0,13.64,13357.0,0.0,0.0,1.0,0.0,0.0
0.0,4.0,125000.0,3.0,1.0,0.0,3.0,2.0,-0.34,139.45,0.0,28.03,17250.0,1.0,0.0,0.0,0.0,0.0
1.0,3.0,125000.0,4.0,1.0,1.0,4.0,3.0,1.64,282.81,1.0,30.47,11538.0,0.0,0.0,0.0,1.0,0.0
1.0,2.0,50000.0,3.0,0.0,1.0,2.0,2.0,0.0,227.65,8.0,12.61,11929.0,0.0,0.0,0.0,0.0,1.0
0.0,5.0,225000.0,4.0,1.0,1.0,4.0,3.0,2.75,371.87,1.0,25.93,9905.0,0.0,1.0,0.0,0.0,0.0
0.0,5.0,175000.0,4.0,1.0,1.0,2.0,3.0,2.95,120.47,0.0,4.5,6833.0,0.0,0.0,0.0,1.0,0.0
0.0,6.0,75000.0,3.0,0.0,1.0,2.0,2.0,2.55,140.03,0.0,0.74,14265.0,1.0,0.0,0.0,0.0,0.0
1.0,5.0,75000.0,3.0,1.0,1.0,4.0,4.0,2.82,445.16,1.0,25.22,17333.0,0.0,1.0,0.0,0.0,0.0
1.0,4.0,125000.0,3.0,1.0,1.0,2.0,2.0,2.86,97.51,0.0,23.82,6857.0,0.0,0.0,0.0,1.0,0.0
1.0,5.0,175000.0,4.0,1.0,1.0,3.0,3.0,2.8,350.76,1.0,12.99,8800.0,0.0,0.0,0.0,1.0,0.0
1.0,5.0,225000.0,2.0,1.0,1.0,5.0,5.0,0.98,388.37,1.0,18.87,13714.0,0.0,0.0,0.0,1.0,0.0
0.0,7.0,225000.0,4.0,1.0,1.0,2.0,3.0,0.15,121.09,0.0,1.56,5837.0,0.0,0.0,0.0,1.0,0.0
1.0,5.0,325000.0,4.0,1.0,1.0,4.0,3.0,2.59,133.4,0.0,9.46,8302.0,0.0,0.0,1.0,0.0,0.0
1.0,5.0,125000.0,4.0,1.0,1.0,1.0,2.0,0.0,400.28,1.0,6.77,4000.0,0.0,0.0,0.0,1.0,0.0
1.0,5.0,275000.0,3.0,1.0,1.0,4.0,2.0,-3.0,364.76,1.0,22.32,9600.0,0.0,0.0,1.0,0.0,0.0
1.0,4.0,175000.0,3.0,1.0,1.0,3.0,2.0,2.53,406.2,1.0,83.78,9000.0,0.0,0.0,0.0,1.0,0.0
1.0,4.0,225000.0,3.0,1.0,1.0,6.0,3.0,2.78,451.28,1.0,19.47,13714.0,0.0,0.0,0.0,1.0,0.0
1.0,3.0,125000.0,4.0,0.0,0.0,4.0,3.0,2.73,464.99,1.0,27.32,2057.0,0.0,1.0,0.0,0.0,0.0
1.0,5.0,125000.0,3.0,1.0,1.0,2.0,2.0,2.69,446.11,4.0,23.41,14379.0,0.0,0.0,0.0,1.0,0.0
0.0,4.0,125000.0,2.0,1.0,1.0,3.0,4.0,-2.86,177.86,0.0,24.43,12611.0,0.0,1.0,0.0,0.0,0.0
1.0,5.0,500000.0,2.0,1.0,1.0,3.0,3.0,2.79,94.08,0.0,235.98,6281.0,1.0,0.0,0.0,0.0,0.0
0.0,4.0,175000.0,4.0,1.0,1.0,2.0,2.0,-2.45,684.42,15.0,27.11,15240.0,0.0,0.0,0.0,1.0,0.0
1.0,4.0,375000.0,4.0,1.0,0.0,2.0,4.0,-2.47,420.93,15.0,42.6,21000.0,0.0,0.0,0.0,1.0,0.0
1.0,4.0,175000.0,4.0,1.0,1.0,2.0,3.0,2.56,423.18,2.0,5.21,17280.0,0.0,0.0,0.0,1.0,0.0
1.0,5.0,225000.0,3.0,1.0,1.0,4.0,4.0,-1.1,378.25,8.0,25.26,14977.0,0.0,0.0,1.0,0.0,0.0
1.0,6.0,125000.0,3.0,1.0,1.0,3.0,3.0,2.58,582.04,50.0,81.36,21692.0,0.0,0.0,1.0,0.0,0.0
1.0,5.0,275000.0,3.0,1.0,1.0,5.0,3.0,2.86,434.94,1.0,20.98,19026.0,0.0,0.0,0.0,1.0,0.0
1.0,4.0,325000.0,4.0,1.0,1.0,4.0,3.0,-1.74,344.29,1.0,33.46,14400.0,0.0,0.0,0.0,1.0,0.0
1.0,6.0,275000.0,4.0,1.0,1.0,2.0,4.0,2.82,720.22,2.0,25.03,18300.0,0.0,0.0,0.0,1.0,0.0
0.0,5.0,75000.0,3.0,1.0,1.0,3.0,2.0,2.62,269.57,1.0,9.7,15000.0,0.0,1.0,0.0,0.0,0.0
1.0,3.0,175000.0,3.0,1.0,1.0,3.0,2.0,1.27,123.22,0.0,3.81,4500.0,0.0,1.0,0.0,0.0,0.0
1.0,4.0,175000.0,3.0,1.0,1.0,1.0,1.0,0.5,136.45,0.0,1.57,19315.0,0.0,0.0,1.0,0.0,0.0
1.0,5.0,175000.0,4.0,1.0,1.0,4.0,2.0,2.78,360.41,1.0,19.51,12600.0,0.0,1.0,0.0,0.0,0.0
1.0,5.0,225000.0,3.0,1.0,1.0,3.0,3.0,2.79,162.03,0.0,10.35,6058.0,0.0,0.0,0.0,1.0,0.0
1.0,4.0,425000.0,4.0,1.0,1.0,4.0,2.0,2.83,135.04,0.0,13.6,10113.0,0.0,0.0,0.0,1.0,0.0
1.0,3.0,175000.0,3.0,1.0,1.0,5.0,3.0,1.34,101.45,0.0,23.27,9859.0,0.0,0.0,0.0,1.0,0.0
0.0,4.0,75000.0,3.0,0.0,1.0,4.0,1.0,-0.01,199.85,0.0,14.07,21930.0,0.0,0.0,0.0,1.0,0.0
1.0,3.0,175000.0,3.0,1.0,1.0,4.0,2.0,2.57,530.0,1.0,20.36,12000.0,0.0,1.0,0.0,0.0,0.0
1.0,3.0,275000.0,2.0,1.0,1.0,3.0,2.0,1.81,264.13,4.0,39.5,25043.0,0.0,0.0,0.0,1.0,0.0
0.0,3.0,175000.0,4.0,1.0,1.0,2.0,2.0,1.96,262.69,5.0,7.11,17333.0,1.0,0.0,0.0,0.0,0.0
0.0,6.0,75000.0,3.0,1.0,1.0,2.0,2.0,2.63,539.8,7.0,18.27,10750.0,0.0,0.0,1.0,0.0,0.0
1.0,6.0,175000.0,3.0,1.0,1.0,2.0,1.0,-1.8,257.5,1.0,28.5,19500.0,0.0,0.0,0.0,1.0,0.0
1.0,5.0,225000.0,3.0,1.0,1.0,3.0,2.0,0.0,404.46,10.0,12.67,9127.0,0.0,0.0,0.0,1.0,0.0
1.0,4.0,125000.0,4.0,1.0,1.0,3.0,2.0,2.62,383.88,2.0,22.06,14880.0,0.0,0.0,0.0,1.0,0.0
1.0,4.0,375000.0,4.0,1.0,1.0,5.0,2.0,2.44,423.41,2.0,18.93,12429.0,0.0,0.0,0.0,1.0,0.0
0.0,3.0,175000.0,3.0,1.0,1.0,2.0,2.0,2.89,324.65,1.0,2.19,15111.0,0.0,0.0,0.0,1.0,0.0
0.0,5.0,125000.0,3.0,1.0,1.0,4.0,2.0,0.0,543.18,2.0,14.03,21750.0,0.0,0.0,1.0,0.0,0.0
1.0,3.0,125000.0,4.0,1.0,1.0,3.0,2.0,0.0,197.91,0.0,13.48,9200.0,0.0,0.0,0.0,1.0,0.0
0.0,6.0,175000.0,3.0,1.0,1.0,2.0,2.0,0.0,108.53,0.0,16.51,10462.0,0.0,0.0,0.0,1.0,0.0
1.0,6.0,275000.0,3.0,1.0,1.0,2.0,2.0,2.52,483.14,1.0,0.01,14622.0,1.0,0.0,0.0,0.0,0.0
1.0,3.0,175000.0,3.0,1.0,1.0,2.0,2.0,-3.0,689.36,10.0,48.61,30350.0,0.0,0.0,0.0,1.0,0.0
1.0,5.0,325000.0,4.0,1.0,0.0,1.0,1.0,0.0,184.54,0.0,46.74,12250.0,0.0,0.0,0.0,1.0,0.0
1.0,6.0,175000.0,3.0,1.0,1.0,2.0,2.0,2.71,263.22,1.0,11.99,7579.0,0.0,0.0,0.0,1.0,0.0
1.0,5.0,175000.0,4.0,1.0,1.0,4.0,2.0,2.99,431.13,1.0,3.79,12870.0,1.0,0.0,0.0,0.0,0.0
0.0,3.0,175000.0,2.0,1.0,1.0,2.0,3.0,2.69,1638.84,1.0,5.41,11688.0,0.0,0.0,0.0,1.0,0.0
1.0,4.0,75000.0,4.0,1.0,1.0,4.0,2.0,1.54,294.88,1.0,22.54,12000.0,0.0,0.0,1.0,0.0,0.0
0.0,3.0,175000.0,3.0,1.0,1.0,2.0,4.0,2.62,114.2,0.0,30.73,12900.0,0.0,0.0,1.0,0.0,0.0
1.0,4.0,125000.0,4.0,1.0,0.0,4.0,2.0,2.7,412.46,5.0,13.1,15150.0,0.0,0.0,0.0,1.0,0.0
0.0,7.0,75000.0,4.0,1.0,1.0,1.0,1.0,2.82,117.95,0.0,12.94,14686.0,1.0,0.0,0.0,0.0,0.0
1.0,5.0,175000.0,3.0,1.0,1.0,4.0,5.0,0.0,186.78,0.0,21.65,12000.0,0.0,0.0,0.0,1.0,0.0
1.0,5.0,275000.0,2.0,1.0,1.0,8.0,3.0,2.07,585.93,1.0,0.8,6900.0,1.0,0.0,0.0,0.0,0.0
0.0,4.0,125000.0,4.0,1.0,1.0,5.0,4.0,2.53,159.62,0.0,3.57,12000.0,1.0,0.0,0.0,0.0,0.0
0.0,4.0,225000.0,4.0,1.0,1.0,2.0,5.0,2.82,36.61,0.0,17.52,81600.0,0.0,1.0,0.0,0.0,0.0
1.0,7.0,325000.0,4.0,1.0,1.0,2.0,4.0,2.78,1968.27,1.0,9.76,5260.0,0.0,1.0,0.0,0.0,0.0
0.0,5.0,175000.0,3.0,1.0,1.0,2.0,4.0,-0.49,909.44,20.0,54.87,30109.0,0.0,0.0,0.0,1.0,0.0
1.0,3.0,75000.0,4.0,0.0,0.0,1.0,2.0,2.63,268.21,1.0,16.59,4224.0,1.0,0.0,0.0,0.0,0.0
0.0,3.0,225000.0,4.0,0.0,0.0,2.0,2.0,1.59,239.33,5.0,15.39,8308.0,0.0,0.0,0.0,1.0,0.0
0.0,4.0,75000.0,3.0,0.0,0.0,2.0,2.0,2.59,377.24,1.0,12.57,22500.0,0.0,0.0,0.0,1.0,0.0
1.0,4.0,425000.0,4.0,1.0,1.0,4.0,3.0,2.86,261.01,1.0,30.22,11788.0,0.0,1.0,0.0,0.0,0.0
1.0,7.0,225000.0,3.0,1.0,1.0,2.0,3.0,0.0,484.65,4.0,4.13,11750.0,0.0,0.0,1.0,0.0,0.0
0.0,6.0,175000.0,3.0,0.0,1.0,2.0,2.0,2.91,179.07,0.0,18.59,13646.0,1.0,0.0,0.0,0.0,0.0
1.0,4.0,75000.0,2.0,1.0,1.0,4.0,2.0,1.56,445.16,2.0,3.47,16229.0,0.0,0.0,0.0,1.0,0.0
1.0,3.0,175000.0,3.0,1.0,1.0,3.0,3.0,2.82,434.48,1.0,37.07,13467.0,1.0,0.0,0.0,0.0,0.0
1.0,3.0,125000.0,4.0,1.0,1.0,1.0,1.0,1.47,326.7,4.0,62.14,24475.0,0.0,0.0,0.0,1.0,0.0
1.0,4.0,125000.0,4.0,1.0,1.0,4.0,2.0,0.0,532.12,4.0,21.77,17818.0,0.0,0.0,0.0,1.0,0.0
1.0,3.0,125000.0,3.0,1.0,1.0,2.0,5.0,-2.64,377.77,1.0,34.91,20668.0,0.0,0.0,0.0,1.0,0.0
1.0,4.0,325000.0,4.0,1.0,1.0,4.0,3.0,2.79,137.39,0.0,7.47,15610.0,0.0,0.0,0.0,1.0,0.0
1.0,6.0,500000.0,3.0,1.0,1.0,2.0,5.0,-3.0,145.7,0.0,19.29,14674.0,1.0,0.0,0.0,0.0,0.0
1.0,6.0,275000.0,4.0,1.0,1.0,2.0,2.0,2.68,485.45,12.0,2.4,13548.0,0.0,0.0,1.0,0.0,0.0
1.0,3.0,75000.0,2.0,1.0,1.0,3.0,2.0,2.7,129.9,0.0,26.1,17280.0,0.0,0.0,0.0,1.0,0.0
1.0,4.0,275000.0,3.0,1.0,1.0,5.0,4.0,-2.91,111.9,0.0,0.0,14400.0,0.0,1.0,0.0,0.0,0.0
1.0,2.0,75000.0,3.0,0.0,0.0,2.0,2.0,0.51,964.38,2.0,4.86,9750.0,0.0,0.0,0.0,1.0,0.0
1.0,7.0,75000.0,4.0,1.0,1.0,2.0,2.0,2.47,1270.1,4.0,7.9,7150.0,0.0,0.0,0.0,1.0,0.0
1.0,3.0,175000.0,3.0,1.0,0.0,2.0,2.0,1.6,277.47,1.0,6.79,3900.0,0.0,0.0,0.0,1.0,0.0
0.0,5.0,225000.0,3.0,1.0,1.0,2.0,3.0,2.6,188.19,0.0,18.03,15280.0,1.0,0.0,0.0,0.0,0.0
1.0,6.0,275000.0,3.0,1.0,1.0,3.0,3.0,1.96,228.39,4.0,11.79,7080.0,0.0,0.0,1.0,0.0,0.0
0.0,5.0,125000.0,2.0,1.0,1.0,5.0,4.0,1.74,454.95,1.0,28.99,10410.0,0.0,0.0,0.0,1.0,0.0
1.0,8.0,125000.0,3.0,1.0,1.0,2.0,3.0,2.73,589.24,4.0,17.68,9750.0,0.0,0.0,0.0,1.0,0.0
0.0,3.0,175000.0,3.0,1.0,1.0,3.0,2.0,2.57,213.38,1.0,2.26,8833.0,0.0,0.0,0.0,1.0,0.0
1.0,4.0,225000.0,4.0,1.0,1.0,3.0,5.0,2.37,1145.31,1.0,13.46,10491.0,1.0,0.0,0.0,0.0,0.0
1.0,5.0,325000.0,3.0,1.0,1.0,4.0,2.0,2.66,482.1,2.0,23.74,16278.0,0.0,0.0,1.0,0.0,0.0
1.0,3.0,175000.0,4.0,1.0,1.0,3.0,2.0,1.98,368.68,1.0,24.05,5471.0,0.0,0.0,0.0,1.0,0.0
1.0,7.0,125000.0,4.0,1.0,1.0,2.0,3.0,0.7,105.25,0.0,11.96,9600.0,1.0,0.0,0.0,0.0,0.0
1.0,4.0,500000.0,4.0,1.0,1.0,3.0,4.0,0.63,771.03,3.0,10.81,15000.0,0.0,0.0,1.0,0.0,0.0
1.0,7.0,175000.0,4.0,1.0,1.0,2.0,3.0,2.61,363.23,12.0,23.87,25044.0,0.0,0.0,0.0,1.0,0.0
1.0,3.0,175000.0,3.0,0.0,1.0,2.0,2.0,2.23,270.06,5.0,33.07,20400.0,0.0,1.0,0.0,0.0,0.0
1.0,4.0,125000.0,2.0,1.0,1.0,4.0,3.0,0.58,103.62,0.0,35.89,17000.0,0.0,0.0,0.0,1.0,0.0
0.0,3.0,325000.0,4.0,1.0,1.0,4.0,2.0,1.85,398.69,4.0,52.95,26667.0,0.0,0.0,0.0,0.0,1.0
0.0,6.0,225000.0,4.0,1.0,1.0,2.0,2.0,2.82,87.33,0.0,1.48,5124.0,0.0,1.0,0.0,0.0,0.0
1.0,6.0,75000.0,3.0,1.0,1.0,2.0,3.0,2.65,1831.86,4.0,7.37,7200.0,0.0,1.0,0.0,0.0,0.0
1.0,6.0,375000.0,4.0,1.0,1.0,2.0,2.0,2.21,280.07,2.0,8.01,28038.0,0.0,1.0,0.0,0.0,0.0
1.0,4.0,425000.0,4.0,1.0,1.0,7.0,4.0,0.75,347.05,1.0,10.06,12488.0,0.0,0.0,0.0,1.0,0.0
0.0,4.0,125000.0,4.0,1.0,1.0,1.0,3.0,2.66,323.45,4.0,32.56,30000.0,0.0,0.0,0.0,1.0,0.0
1.0,5.0,175000.0,4.0,1.0,1.0,4.0,2.0,0.0,384.56,7.0,12.6,15840.0,1.0,0.0,0.0,0.0,0.0
1.0,5.0,175000.0,4.0,1.0,1.0,4.0,5.0,0.0,2597.2,42.0,7.88,13300.0,0.0,0.0,0.0,1.0,0.0
1.0,5.0,75000.0,3.0,1.0,1.0,2.0,3.0,0.28,323.67,1.0,9.96,13589.0,0.0,0.0,0.0,1.0,0.0
1.0,5.0,175000.0,3.0,1.0,1.0,1.0,1.0,2.64,110.34,0.0,3.39,9930.0,0.0,0.0,0.0,1.0,0.0
1.0,4.0,325000.0,3.0,1.0,1.0,4.0,2.0,2.68,207.04,1.0,11.94,10706.0,1.0,0.0,0.0,0.0,0.0
1.0,6.0,75000.0,3.0,1.0,1.0,2.0,2.0,2.95,381.76,1.0,25.17,8260.0,0.0,0.0,0.0,1.0,0.0
1.0,4.0,275000.0,4.0,1.0,1.0,4.0,2.0,2.67,218.63,3.0,10.93,10202.0,0.0,0.0,0.0,1.0,0.0
1.0,4.0,275000.0,4.0,0.0,1.0,4.0,2.0,-0.39,521.41,1.0,27.9,14000.0,0.0,0.0,1.0,0.0,0.0
1.0,5.0,225000.0,3.0,1.0,1.0,3.0,3.0,2.67,333.46,1.0,8.11,11400.0,0.0,0.0,1.0,0.0,0.0
1.0,2.0,75000.0,3.0,0.0,0.0,2.0,1.0,2.66,91.28,0.0,9.08,10000.0,0.0,0.0,0.0,1.0,0.0
1.0,7.0,125000.0,2.0,1.0,1.0,1.0,3.0,2.82,79.37,0.0,5.64,5825.0,0.0,0.0,0.0,1.0,0.0
1.0,2.0,125000.0,3.0,0.0,1.0,2.0,2.0,0.32,471.63,4.0,4.41,20000.0,0.0,0.0,0.0,1.0,0.0
1.0,5.0,175000.0,4.0,1.0,1.0,2.0,3.0,2.68,1363.27,1.0,2.93,13046.0,0.0,1.0,0.0,0.0,0.0
0.0,6.0,425000.0,4.0,1.0,1.0,2.0,2.0,2.64,70.9,0.0,152.65,6714.0,0.0,1.0,0.0,0.0,0.0
1.0,5.0,500000.0,4.0,1.0,1.0,2.0,3.0,2.62,103.03,0.0,11.2,9362.0,1.0,0.0,0.0,0.0,0.0
1.0,4.0,125000.0,4.0,1.0,1.0,4.0,2.0,2.98,107.76,0.0,33.75,13372.0,1.0,0.0,0.0,0.0,0.0
1.0,5.0,475000.0,3.0,1.0,1.0,3.0,2.0,2.65,273.26,1.0,40.46,15600.0,0.0,0.0,0.0,1.0,0.0
1.0,4.0,275000.0,4.0,1.0,1.0,4.0,2.0,0.9,460.91,1.0,18.76,6600.0,1.0,0.0,0.0,0.0,0.0
1.0,3.0,175000.0,3.0,1.0,0.0,3.0,2.0,2.86,987.13,2.0,9.94,14576.0,0.0,0.0,0.0,1.0,0.0
1.0,2.0,50000.0,3.0,0.0,0.0,1.0,1.0,2.59,209.57,2.0,19.3,14000.0,0.0,0.0,0.0,1.0,0.0
