variable,contributo_Dim1_%,contributo_Dim2_%,contributo_Dim3_%,contributo_Dim4_%,contributo_Dim5_%,contributo_Dim6_%,contributo_Dim7_%,contributo_Dim8_%,contributo_Dim9_%,contributo_Dim10_%
Numero persone in famiglia,10.4137,24.8314,0.384407,0.120149,0.0407454,0.0045997,0.0847373,1.10669,0.0802463,0.643529
Numero di auto in famiglia,15.4479,0.571859,2.7103,13.6805,0.0300507,0.312769,1.10207,0.823306,0.229927,1.03586
Importanza di ridurre le emissioni di gas serra,0.213003,8.11016,7.80094,0.7768,22.3438,0.0529558,0.0432793,0.900188,0.879885,2.24953
Viaggio più lungo negli ultimi 12 mesi,0.622541,1.77432,13.9963,2.74909,0.72371,0.102798,20.8556,2.94929,2.74725,3.45133
Numero di viaggi superiori a 200 miglia negli ultimi 12 mesi,1.06098,1.55198,25.2709,8.45102,0.00192361,0.710896,1.04103,4.2542,0.017618,2.1879
Distanza casa-lavoro,1.48137,0.56619,9.93738,2.62827,5.77122,0.284028,0.0560091,4.86477,0.236572,1.64786
VMT annuo,0.519801,0.672333,13.315,2.98321,11.1015,5.47463,5.0868,3.6947,0.0282654,5.62951
Genere_Femmina,0.704002,0.2774,1.3334,0.000729872,17.6593,6.51969,2.73614,0.250968,3.98464,3.136
Genere_Maschio,0.213972,0.0843122,0.405269,0.000221835,5.36732,1.98158,0.831615,0.0762784,1.21108,0.953147
Classe d'età_25-34,6.14906,0.691787,6.13947,2.04651,1.63415,0.072357,0.493354,3.49487,0.367874,1.24775
Classe d'età_35-44,5.40136,5.05631,0.00389175,0.898186,1.56741,0.519082,2.61153,0.460186,0.000399598,0.0867708
Classe d'età_45-54,1.58867,7.73658,2.15114,5.85881,0.0808628,1.35976,1.36209,0.184208,0.120485,0.191462
Classe d'età_55-64,3.0634,0.0597196,0.146288,11.2939,2.85161,1.14675,0.653066,2.83534,0.133488,0.239272
Classe d'età_65-74,0.00609389,17.0282,0.179628,0.193012,0.305789,0.93879,0.993584,0.0049662,0.0441534,7.5177
Classe d'età_75-79,0.258857,12.3172,0.117799,2.41368,10.1258,4.47805,0.122244,5.98791,2.82132,6.2652
Classe d'età_<25,0.0181787,0.247884,0.005227,3.24504e-05,0.125766,5.9349,0.876841,10.484,10.8585,1.49549
Classe d'età_>80,0.0373274,0.559346,0.331986,0.0293049,2.20006,11.8558,2.62613,4.21187,16.5294,0.0262628
Classe Reddito Familiare_Alta,0.133099,0.061094,0.563104,0.576436,1.96182,1.67615,7.908,1.55606,13.7807,3.01798
Classe Reddito Familiare_Bassa,1.28679,0.14159,1.18744,0.906666,1.07634,15.9298,8.19091,0.530367,7.8649,0.0682384
Classe Reddito Familiare_Estremamente alta,3.13166,0.00279988,0.0726137,1.32808,3.14371,7.04253,7.16176,14.3475,1.52292,5.01864
Classe Reddito Familiare_Media,4.03174,0.960283,0.568536,5.21796,0.724743,1.01486,0.0242891,0.069182,8.0704,0.196946
Classe Reddito Familiare_Molto alta,1.13946,1.18503,0.00833031,1.73519,0.0726969,0.0806315,1.00129,16.5994,1.58263,22.5196
Livello di istruzione_Diploma o Qualifica professionale,0.299276,0.691554,5.5047,8.85191,1.66546,1.61497,5.42166,3.39553,0.616613,0.365948
Livello di istruzione_Laurea 1L,0.0687576,0.146824,0.0332673,6.36961,0.500839,6.39118,5.86516,0.191757,0.0976248,0.877013
Livello di istruzione_Laurea 2L o Dottorato,0.223162,0.00114063,1.59211,11.7936,0.0192369,2.95005,0.856076,1.27066,0.24347,0.387091
Livello di istruzione_Licenza Media,0.0111329,0.0101648,1.71358,0.837686,3.90989,4.55513,5.6754,1.50873,5.57098,2.77721
Casa di proprietà_No,16.5025,6.54413,1.39064,0.0142946,0.370863,0.0346319,0.0603287,4.17304,0.107484,4.80138
Casa di proprietà_Si,2.17884,0.86403,0.183607,0.00188733,0.0489656,0.00457249,0.00796527,0.550971,0.0141913,0.633932
Casa Indipendente_No,18.0317,2.25431,0.355994,0.248779,0.0405058,0.620715,0.00735996,1.60467,0.00232467,2.55223
Casa Indipendente_Si,2.94196,0.367802,0.0580821,0.0405894,0.00660872,0.101273,0.00120081,0.26181,0.000379281,0.416409
Tipologia di auto precedente_BEV,1.23454,0.226119,0.22506,0.321918,0.00360999,0.00726293,10.2687,1.88831,3.10955,2.15124
Tipologia di auto precedente_GNC,0.241401,0.265238,0.000245967,0.70268,2.20394,7.38813,0.293623,0.202223,9.60387,8.70385
Tipologia di auto precedente_HEV,0.0899871,2.08486,2.04758,1.85537,0.502117,0.242332,3.32421,2.03709,2.65873,2.22353
Tipologia di auto precedente_ICE,0.990704,1.59575,0.264467,0.000721164,0.89845,2.28016,1.30609,2.86836,1.877,4.67556
Tipologia di auto precedente_PHEV,0.26306,0.460244,0.00141544,5.07324,0.919073,6.31614,1.04982,0.360678,2.98514,0.60864
