,Dim1,Dim2,contributo_Dim1_%,contributo_Dim2_%
Casa di proprietà__No,1.69926,-0.638142,18.7174,3.6865
Casa di proprietà__Si,-0.224356,0.0842547,2.47128,0.486733
Casa Indipendente__No,1.75043,-0.61465,23.8868,4.11319
Casa Indipendente__Si,-0.285591,0.100283,3.89724,0.671086
Numero persone in famiglia categoriale__Coppie,0.228685,-0.641211,1.05611,11.5956
Numero persone in famiglia categoriale__Famiglie con 1 figlio,-0.213177,-0.085228,0.484142,0.108072
Numero persone in famiglia categoriale__Famiglie con 2 figli,-0.383407,0.0298579,2.30752,0.0195435
Numero persone in famiglia categoriale__Famiglie con 3+ figli,-0.660246,0.970691,2.41611,7.29328
Numero persone in famiglia categoriale__Single,2.10024,2.29435,15.3964,25.6597
Numero di auto in famiglia categoriale__Due auto,0.228691,-0.603489,1.49698,14.5585
Numero di auto in famiglia categoriale__Quattro o più auto,-0.704641,0.825591,3.86606,7.41172
Numero di auto in famiglia categoriale__Tre auto,-0.503535,0.257419,4.18668,1.52808
Numero di auto in famiglia categoriale__Un'auto,2.73146,2.48289,19.8174,22.868
